"datum";"Â";"CDU/CSU";"SPD";"GRÃœNE";"FDP";"LINKE";"PIRATEN";"FW";"AfD";"Sonstige";"Â";"Befragte";"Zeitraum";"institut";"url"
"19.06.2018";"Â";"29 %";"19 %";"11 %";"8 %";"12 %";"â€“";"â€“";"16 %";"5 %";"Â";"O â€¢ 2.060";"15.06.â€“18.06.";"insa";"http://www.wahlrecht.de/umfragen/insa.htm"
"12.06.2018";"Â";"31 %";"17 %";"11 %";"8 %";"12 %";"â€“";"â€“";"16 %";"5 %";"Â";"O â€¢ 2.038";"08.06.â€“11.06.";"insa";"http://www.wahlrecht.de/umfragen/insa.htm"
"04.06.2018";"Â";"32 %";"17 %";"11 %";"8 %";"11,5 %";"â€“";"â€“";"16 %";"4,5 %";"Â";"O â€¢ 2.067";"01.06.â€“04.06.";"insa";"http://www.wahlrecht.de/umfragen/insa.htm"
"29.05.2018";"Â";"32 %";"17 %";"11,5 %";"8 %";"12 %";"â€“";"â€“";"15,5 %";"4 %";"Â";"O â€¢ 2.062";"25.05.â€“28.05.";"insa";"http://www.wahlrecht.de/umfragen/insa.htm"
"23.05.2018";"Â";"32,5 %";"16,5 %";"11,5 %";"8 %";"11 %";"â€“";"â€“";"15,5 %";"5 %";"Â";"O â€¢ 2.044";"18.05.â€“22.05.";"insa";"http://www.wahlrecht.de/umfragen/insa.htm"
"14.05.2018";"Â";"32,5 %";"17 %";"11,5 %";"8 %";"11 %";"â€“";"â€“";"15,5 %";"4,5 %";"Â";"O â€¢ 2.098";"11.05.â€“14.05.";"insa";"http://www.wahlrecht.de/umfragen/insa.htm"
"08.05.2018";"Â";"32,5 %";"17 %";"11,5 %";"8,5 %";"10,5 %";"â€“";"â€“";"15,5 %";"4,5 %";"Â";"O â€¢ 2.065";"04.05.â€“07.05.";"insa";"http://www.wahlrecht.de/umfragen/insa.htm"
"30.04.2018";"Â";"33 %";"17 %";"11,5 %";"9 %";"10,5 %";"â€“";"â€“";"15,5 %";"3,5 %";"Â";"O â€¢ 2.097";"27.04.â€“30.04.";"insa";"http://www.wahlrecht.de/umfragen/insa.htm"
"24.04.2018";"Â";"31,5 %";"18 %";"12 %";"9,5 %";"10,5 %";"â€“";"â€“";"15,5 %";"3 %";"Â";"O â€¢ 2.091";"20.04.â€“23.04.";"insa";"http://www.wahlrecht.de/umfragen/insa.htm"
"17.04.2018";"Â";"31,5 %";"18,5 %";"11,5 %";"9 %";"11 %";"â€“";"â€“";"15 %";"3,5 %";"Â";"O â€¢ 2.054";"13.04.â€“16.04.";"insa";"http://www.wahlrecht.de/umfragen/insa.htm"
"10.04.2018";"Â";"31,5 %";"17,5 %";"11,5 %";"9 %";"12 %";"â€“";"â€“";"15,5 %";"3 %";"Â";"O â€¢ 2.048";"06.04.â€“09.04.";"insa";"http://www.wahlrecht.de/umfragen/insa.htm"
"03.04.2018";"Â";"32 %";"18 %";"10 %";"10 %";"12 %";"â€“";"â€“";"15 %";"3 %";"Â";"O â€¢ 1.074";"29.03.â€“31.03.";"insa";"http://www.wahlrecht.de/umfragen/insa.htm"
"26.03.2018";"Â";"32,5 %";"17 %";"10,5 %";"10 %";"12 %";"â€“";"â€“";"15 %";"3 %";"Â";"O â€¢ 2.051";"23.03.â€“26.03.";"insa";"http://www.wahlrecht.de/umfragen/insa.htm"
"20.03.2018";"Â";"32 %";"17,5 %";"10,5 %";"10 %";"12 %";"â€“";"â€“";"15 %";"3 %";"Â";"O â€¢ 2.066";"16.03.â€“19.03.";"insa";"http://www.wahlrecht.de/umfragen/insa.htm"
"13.03.2018";"Â";"32 %";"17,5 %";"11 %";"9,5 %";"12 %";"â€“";"â€“";"15 %";"3 %";"Â";"O â€¢ 2.033";"09.03.â€“12.03.";"insa";"http://www.wahlrecht.de/umfragen/insa.htm"
"05.03.2018";"Â";"33 %";"15 %";"12 %";"10 %";"12 %";"â€“";"â€“";"15 %";"3 %";"Â";"O â€¢ 1.052";"05.03.";"insa";"http://www.wahlrecht.de/umfragen/insa.htm"
"26.02.2018";"Â";"32,5 %";"15,5 %";"12 %";"9 %";"12 %";"â€“";"â€“";"16 %";"3 %";"Â";"O â€¢ 1.063";"23.02.â€“26.02.";"insa";"http://www.wahlrecht.de/umfragen/insa.htm"
"19.02.2018";"Â";"32 %";"15,5 %";"13 %";"9 %";"11 %";"â€“";"â€“";"16 %";"3,5 %";"Â";"O â€¢ 2.040";"16.02.â€“19.02.";"insa";"http://www.wahlrecht.de/umfragen/insa.htm"
"12.02.2018";"Â";"29,5 %";"16,5 %";"13 %";"10,5 %";"11,5 %";"â€“";"â€“";"15 %";"4 %";"Â";"O â€¢ 2.608";"09.02.â€“12.02.";"insa";"http://www.wahlrecht.de/umfragen/insa.htm"
"05.02.2018";"Â";"30,5 %";"17 %";"12,5 %";"10 %";"11 %";"â€“";"â€“";"15 %";"4 %";"Â";"O â€¢ 2.034";"02.02.â€“05.02.";"insa";"http://www.wahlrecht.de/umfragen/insa.htm"
"29.01.2018";"Â";"33,5 %";"17,5 %";"11 %";"9 %";"11 %";"â€“";"â€“";"14 %";"4 %";"Â";"O â€¢ 2.073";"26.01.â€“29.01.";"insa";"http://www.wahlrecht.de/umfragen/insa.htm"
"23.01.2018";"Â";"31,5 %";"18 %";"10 %";"10 %";"11 %";"â€“";"â€“";"14 %";"5,5 %";"Â";"O â€¢ 1.169";"22.01.";"insa";"http://www.wahlrecht.de/umfragen/insa.htm"
"15.01.2018";"Â";"31,5 %";"18,5 %";"10 %";"9,5 %";"11,5 %";"â€“";"â€“";"14 %";"5 %";"Â";"O â€¢ 2.000";"12.01.â€“15.01.";"insa";"http://www.wahlrecht.de/umfragen/insa.htm"
"08.01.2018";"Â";"31,5 %";"19,5 %";"10 %";"10 %";"11 %";"â€“";"â€“";"13,5 %";"4,5 %";"Â";"O â€¢ 2.028";"05.01.â€“08.01.";"insa";"http://www.wahlrecht.de/umfragen/insa.htm"
"02.01.2018";"Â";"32,5 %";"19,5 %";"10 %";"10 %";"11 %";"â€“";"â€“";"13 %";"4 %";"Â";"O â€¢ 2.012";"29.12.â€“02.01.";"insa";"http://www.wahlrecht.de/umfragen/insa.htm"
"23.12.2017";"Â";"33 %";"20,5 %";"9,5 %";"10,5 %";"10 %";"â€“";"â€“";"13 %";"3,5 %";"Â";"O â€¢ 2.203";"21.12.â€“22.12.";"insa";"http://www.wahlrecht.de/umfragen/insa.htm"
"19.12.2017";"Â";"31 %";"21 %";"10 %";"9 %";"11 %";"â€“";"â€“";"14 %";"4 %";"Â";"O â€¢ 2.031";"15.12.â€“18.12.";"insa";"http://www.wahlrecht.de/umfragen/insa.htm"
"12.12.2017";"Â";"31 %";"22 %";"10,5 %";"9 %";"10,5 %";"â€“";"â€“";"13,5 %";"3,5 %";"Â";"O â€¢ 2.013";"08.12.â€“11.12.";"insa";"http://www.wahlrecht.de/umfragen/insa.htm"
"05.12.2017";"Â";"31 %";"22 %";"10 %";"10 %";"11 %";"â€“";"â€“";"13 %";"3 %";"Â";"O â€¢ 2.063";"01.12.â€“04.12.";"insa";"http://www.wahlrecht.de/umfragen/insa.htm"
"27.11.2017";"Â";"32 %";"22 %";"10 %";"10 %";"10 %";"â€“";"â€“";"13 %";"3 %";"Â";"O â€¢ 2.003";"24.11.â€“27.11.";"insa";"http://www.wahlrecht.de/umfragen/insa.htm"
"23.11.2017";"Â";"32 %";"21 %";"10 %";"12 %";"10 %";"â€“";"â€“";"12 %";"3 %";"Â";"O â€¢ 1.069";"21.11.â€“22.11.";"insa";"http://www.wahlrecht.de/umfragen/insa.htm"
"21.11.2017";"Â";"30 %";"21 %";"10 %";"11 %";"11 %";"â€“";"â€“";"14 %";"3 %";"Â";"O â€¢ 1.034";"20.11.";"insa";"http://www.wahlrecht.de/umfragen/insa.htm"
"21.11.2017";"Â";"31 %";"21 %";"9,5 %";"10 %";"11,5 %";"â€“";"â€“";"14 %";"3 %";"Â";"O â€¢ 2.027";"17.11.â€“19.11.";"insa";"http://www.wahlrecht.de/umfragen/insa.htm"
"14.11.2017";"Â";"32 %";"20 %";"9 %";"10,5 %";"10,5 %";"â€“";"â€“";"13,5 %";"4,5 %";"Â";"O â€¢ 2.049";"10.11.â€“13.11.";"insa";"http://www.wahlrecht.de/umfragen/insa.htm"
"07.11.2017";"Â";"31 %";"22 %";"8,5 %";"10,5 %";"10,5 %";"â€“";"â€“";"13,5 %";"4 %";"Â";"O â€¢ 2.023";"03.11.â€“06.11.";"insa";"http://www.wahlrecht.de/umfragen/insa.htm"
"30.10.2017";"Â";"31 %";"21 %";"10 %";"11 %";"10 %";"â€“";"â€“";"13 %";"4 %";"Â";"O â€¢ 1.024";"27.10.â€“28.10.";"insa";"http://www.wahlrecht.de/umfragen/insa.htm"
"24.10.2017";"Â";"33 %";"21 %";"9 %";"10 %";"10 %";"â€“";"â€“";"13 %";"4 %";"Â";"O â€¢ 1.002";"23.10.â€“23.10.";"insa";"http://www.wahlrecht.de/umfragen/insa.htm"
"16.10.2017";"Â";"32 %";"21,5 %";"9,5 %";"10 %";"9 %";"â€“";"â€“";"13 %";"5 %";"Â";"O â€¢ 2.011";"13.10.â€“16.10.";"insa";"http://www.wahlrecht.de/umfragen/insa.htm"
"10.10.2017";"Â";"32 %";"22 %";"9 %";"11 %";"9 %";"â€“";"â€“";"13 %";"4 %";"Â";"O â€¢ 2.015";"06.10.â€“09.10.";"insa";"http://www.wahlrecht.de/umfragen/insa.htm"
"01.10.2017";"Â";"31 %";"21 %";"10 %";"12 %";"9 %";"â€“";"â€“";"13 %";"4 %";"Â";"O â€¢ 1.071";"27.09.â€“28.09.";"insa";"http://www.wahlrecht.de/umfragen/insa.htm"
"24.09.2017";"Â";"32,9 %";"20,5 %";"8,9 %";"10,7 %";"9,2 %";"0,4 %";"1,0 %";"12,6 %";"3,6 %";"Â";"Bundestagswahl";"Bundestagswahl";"insa";"http://www.wahlrecht.de/umfragen/insa.htm"
"22.09.2017";"Â";"34 %";"21 %";"8 %";"9 %";"11 %";"â€“";"â€“";"13 %";"4 %";"Â";"O â€¢ 2.000";"21.09.â€“22.09.";"insa";"http://www.wahlrecht.de/umfragen/insa.htm"
"18.09.2017";"Â";"36 %";"22 %";"7 %";"9 %";"11 %";"â€“";"â€“";"11 %";"4 %";"Â";"O â€¢ 2.042";"15.09.â€“18.09.";"insa";"http://www.wahlrecht.de/umfragen/insa.htm"
"11.09.2017";"Â";"36,5 %";"23,5 %";"6 %";"9 %";"10,5 %";"â€“";"â€“";"11 %";"3,5 %";"Â";"O â€¢ 2.054";"08.09.â€“11.09.";"insa";"http://www.wahlrecht.de/umfragen/insa.htm"
"04.09.2017";"Â";"36,5 %";"23,5 %";"6,5 %";"8,5 %";"10 %";"â€“";"â€“";"10,5 %";"4,5 %";"Â";"O â€¢ 2.048";"01.09.â€“04.09.";"insa";"http://www.wahlrecht.de/umfragen/insa.htm"
"29.08.2017";"Â";"37 %";"24 %";"6,5 %";"8 %";"10 %";"â€“";"â€“";"10 %";"4,5 %";"Â";"O â€¢ 2.034";"25.08.â€“28.08.";"insa";"http://www.wahlrecht.de/umfragen/insa.htm"
"22.08.2017";"Â";"38 %";"24 %";"7 %";"9 %";"9 %";"â€“";"â€“";"10 %";"3 %";"Â";"O â€¢ 2.036";"18.08.â€“21.08.";"insa";"http://www.wahlrecht.de/umfragen/insa.htm"
"15.08.2017";"Â";"37 %";"25 %";"7 %";"9 %";"9 %";"â€“";"â€“";"10 %";"3 %";"Â";"O â€¢ 2.025";"11.08.â€“14.08.";"insa";"http://www.wahlrecht.de/umfragen/insa.htm"
"07.08.2017";"Â";"37 %";"25 %";"6,5 %";"9 %";"10,5 %";"â€“";"â€“";"9 %";"3 %";"Â";"O â€¢ 2.046";"04.08.â€“07.08.";"insa";"http://www.wahlrecht.de/umfragen/insa.htm"
"01.08.2017";"Â";"37 %";"24,5 %";"7 %";"9 %";"10 %";"â€“";"â€“";"9,5 %";"3 %";"Â";"O â€¢ 2.046";"28.07.â€“31.07.";"insa";"http://www.wahlrecht.de/umfragen/insa.htm"
"25.07.2017";"Â";"37,5 %";"25 %";"6,5 %";"8,5 %";"10,5 %";"â€“";"â€“";"9 %";"3 %";"Â";"O â€¢ 2.009";"21.07.â€“24.07.";"insa";"http://www.wahlrecht.de/umfragen/insa.htm"
"18.07.2017";"Â";"36";"25 %";"6,5 %";"8,5 %";"9,5 %";"â€“";"â€“";"10 %";"4,5 %";"Â";"O â€¢ 2.026";"14.07.â€“17.07.";"insa";"http://www.wahlrecht.de/umfragen/insa.htm"
"10.07.2017";"Â";"36";"25 %";"6,5 %";"9 %";"9,5 %";"â€“";"â€“";"9,5 %";"4,5 %";"Â";"O â€¢ 2.009";"07.07.â€“10.07.";"insa";"http://www.wahlrecht.de/umfragen/insa.htm"
"03.07.2017";"Â";"36,5";"25 %";"6,5 %";"9 %";"10,5 %";"â€“";"â€“";"9 %";"3,5 %";"Â";"O â€¢ 2.044";"30.06.â€“03.07.";"insa";"http://www.wahlrecht.de/umfragen/insa.htm"
"27.06.2017";"Â";"37";"26 %";"6,5 %";"9 %";"10 %";"â€“";"â€“";"8,5 %";"3 %";"Â";"O â€¢ 2.056";"23.06.â€“26.06.";"insa";"http://www.wahlrecht.de/umfragen/insa.htm"
"20.06.2017";"Â";"36,5";"25 %";"6,5 %";"9 %";"11 %";"â€“";"â€“";"9 %";"3 %";"Â";"O â€¢ 2.040";"16.06.â€“19.06.";"insa";"http://www.wahlrecht.de/umfragen/insa.htm"
"12.06.2017";"Â";"37,5";"23,5 %";"6,5 %";"9 %";"11 %";"â€“";"â€“";"9 %";"3,5 %";"Â";"O â€¢ 2.051";"09.06.â€“12.06.";"insa";"http://www.wahlrecht.de/umfragen/insa.htm"
"06.06.2017";"Â";"38";"23 %";"7 %";"9 %";"11 %";"â€“";"â€“";"8 %";"4 %";"Â";"O â€¢ 2.037";"02.06.â€“06.06.";"insa";"http://www.wahlrecht.de/umfragen/insa.htm"
"29.05.2017";"Â";"35,5";"26 %";"6 %";"10 %";"10 %";"â€“";"â€“";"9 %";"3,5 %";"Â";"O â€¢ 2.053";"26.05.â€“29.05.";"insa";"http://www.wahlrecht.de/umfragen/insa.htm"
"22.05.2017";"Â";"36,5 %";"26 %";"6 %";"9,5 %";"10 %";"â€“";"â€“";"8 %";"4 %";"Â";"O â€¢ 2.042";"19.05.â€“22.05.";"insa";"http://www.wahlrecht.de/umfragen/insa.htm"
"16.05.2017";"Â";"36 %";"27 %";"6 %";"8 %";"9 %";"â€“";"â€“";"10 %";"4 %";"Â";"O â€¢ 2.037";"12.05.â€“15.05.";"insa";"http://www.wahlrecht.de/umfragen/insa.htm"
"09.05.2017";"Â";"35 %";"27 %";"7 %";"7 %";"10 %";"â€“";"â€“";"10 %";"4 %";"Â";"O â€¢ 2.067";"05.05.â€“08.05.";"insa";"http://www.wahlrecht.de/umfragen/insa.htm"
"02.05.2017";"Â";"34 %";"28,5 %";"6,5 %";"7 %";"10,5 %";"â€“";"â€“";"9 %";"4,5 %";"Â";"O â€¢ 2.035";"28.04.â€“02.05.";"insa";"http://www.wahlrecht.de/umfragen/insa.htm"
"25.04.2017";"Â";"34 %";"30 %";"6,5 %";"6,5 %";"9,5 %";"â€“";"â€“";"10 %";"3,5 %";"Â";"O â€¢ 2.041";"21.04.â€“24.04.";"insa";"http://www.wahlrecht.de/umfragen/insa.htm"
"19.04.2017";"Â";"34 %";"30,5 %";"6 %";"6,5 %";"9 %";"â€“";"â€“";"10 %";"4 %";"Â";"O â€¢ 2.038";"14.04.â€“18.04.";"insa";"http://www.wahlrecht.de/umfragen/insa.htm"
"10.04.2017";"Â";"33 %";"31,5 %";"6,5 %";"6,5 %";"8,5 %";"â€“";"â€“";"10 %";"4 %";"Â";"O â€¢ 2.030";"07.04.â€“10.04.";"insa";"http://www.wahlrecht.de/umfragen/insa.htm"
"03.04.2017";"Â";"32 %";"32,5 %";"6,5 %";"6,5 %";"9 %";"â€“";"â€“";"9 %";"4,5 %";"Â";"O â€¢ 2.033";"31.03.â€“03.04.";"insa";"http://www.wahlrecht.de/umfragen/insa.htm"
"27.03.2017";"Â";"32 %";"32 %";"6,5 %";"6 %";"8,5 %";"â€“";"â€“";"11 %";"4 %";"Â";"O â€¢ 2.034";"24.03.â€“27.03.";"insa";"http://www.wahlrecht.de/umfragen/insa.htm"
"20.03.2017";"Â";"31 %";"32 %";"6,5 %";"6,5 %";"8,5 %";"â€“";"â€“";"11,5 %";"4 %";"Â";"O â€¢ 1.933";"17.03.â€“20.03.";"insa";"http://www.wahlrecht.de/umfragen/insa.htm"
"13.03.2017";"Â";"31 %";"31 %";"6,5 %";"7 %";"8,5 %";"â€“";"â€“";"11,5 %";"4,5 %";"Â";"O â€¢ 2.051";"10.03.â€“13.03.";"insa";"http://www.wahlrecht.de/umfragen/insa.htm"
"07.03.2017";"Â";"30,5 %";"31,5 %";"6,5 %";"7,5 %";"8,5 %";"â€“";"â€“";"11 %";"4,5 %";"Â";"O â€¢ 2.022";"03.03.â€“06.03.";"insa";"http://www.wahlrecht.de/umfragen/insa.htm"
"28.02.2017";"Â";"30,5 %";"32 %";"6,5 %";"7 %";"8 %";"â€“";"â€“";"11 %";"5 %";"Â";"O â€¢ 2.004";"24.02.â€“27.02.";"insa";"http://www.wahlrecht.de/umfragen/insa.htm"
"21.02.2017";"Â";"31,5 %";"30 %";"6,5 %";"5,5 %";"9,5 %";"â€“";"â€“";"11 %";"6 %";"Â";"O â€¢ 2.030";"17.02.â€“20.02.";"insa";"http://www.wahlrecht.de/umfragen/insa.htm"
"13.02.2017";"Â";"30 %";"31 %";"7 %";"5 %";"10 %";"â€“";"â€“";"12 %";"5 %";"Â";"O â€¢ 2.028";"10.02.â€“13.02.";"insa";"http://www.wahlrecht.de/umfragen/insa.htm"
"06.02.2017";"Â";"30 %";"31 %";"7 %";"6 %";"10 %";"â€“";"â€“";"12 %";"4 %";"Â";"O â€¢ 2.042";"03.02.â€“06.02.";"insa";"http://www.wahlrecht.de/umfragen/insa.htm"
"02.02.2017";"Â";"Zur telefonischen Umfrage (CATI) von INSA";"Zur telefonischen Umfrage (CATI) von INSA";"Zur telefonischen Umfrage (CATI) von INSA";"Zur telefonischen Umfrage (CATI) von INSA";"Zur telefonischen Umfrage (CATI) von INSA";"Zur telefonischen Umfrage (CATI) von INSA";"Zur telefonischen Umfrage (CATI) von INSA";"Zur telefonischen Umfrage (CATI) von INSA";"Zur telefonischen Umfrage (CATI) von INSA";"Zur telefonischen Umfrage (CATI) von INSA";"Zur telefonischen Umfrage (CATI) von INSA";"31.01.â€“01.02.";"insa";"http://www.wahlrecht.de/umfragen/insa.htm"
"30.01.2017";"Â";"32,5 %";"26 %";"7,5 %";"6,5 %";"10,5 %";"â€“";"â€“";"13 %";"4 %";"Â";"O â€¢ 2.088";"27.01.â€“30.01.";"insa";"http://www.wahlrecht.de/umfragen/insa.htm"
"23.01.2017";"Â";"32,5 %";"21 %";"8,5 %";"7,5 %";"11 %";"â€“";"â€“";"14,5 %";"5 %";"Â";"O â€¢ 1.992";"20.01.â€“23.01.";"insa";"http://www.wahlrecht.de/umfragen/insa.htm"
"17.01.2017";"Â";"33,5 %";"21 %";"8,5 %";"7,5 %";"11 %";"â€“";"â€“";"13,5 %";"5 %";"Â";"O â€¢ 2.031";"13.01.â€“16.01.";"insa";"http://www.wahlrecht.de/umfragen/insa.htm"
"09.01.2017";"Â";"32 %";"21 %";"9 %";"7 %";"11 %";"â€“";"â€“";"15 %";"5 %";"Â";"O â€¢ 2.054";"06.01.â€“09.01.";"insa";"http://www.wahlrecht.de/umfragen/insa.htm"
"03.01.2017";"Â";"32 %";"21 %";"10 %";"6 %";"11,5 %";"â€“";"â€“";"15 %";"4,5 %";"Â";"O â€¢ 2.099";"30.12.â€“02.01.";"insa";"http://www.wahlrecht.de/umfragen/insa.htm"
"23.12.2016";"Â";"31,5 %";"20,5 %";"10 %";"6 %";"11,5 %";"â€“";"â€“";"15,5 %";"5 %";"Â";"O â€¢ 2.083";"21.12.â€“23.12.";"insa";"http://www.wahlrecht.de/umfragen/insa.htm"
"20.12.2016";"Â";"33 %";"21,5 %";"10 %";"6,5 %";"11,5 %";"â€“";"â€“";"13 %";"4,5 %";"Â";"O â€¢ 2.116";"16.12.â€“19.12.";"insa";"http://www.wahlrecht.de/umfragen/insa.htm"
"13.12.2016";"Â";"32 %";"21,5 %";"11,5 %";"5,5 %";"12 %";"â€“";"â€“";"13 %";"4,5 %";"Â";"O â€¢ 1.455";"09.12.â€“12.12.";"insa";"http://www.wahlrecht.de/umfragen/insa.htm"
"06.12.2016";"Â";"32 %";"22,5 %";"10,5 %";"5 %";"11,5 %";"â€“";"â€“";"14 %";"4,5 %";"Â";"O â€¢ 2.080";"02.12.â€“05.12.";"insa";"http://www.wahlrecht.de/umfragen/insa.htm"
"28.11.2016";"Â";"32,5 %";"22 %";"10 %";"5,5 %";"11,5 %";"â€“";"â€“";"13,5 %";"5 %";"Â";"O â€¢ 2.097";"25.11.â€“28.11.";"insa";"http://www.wahlrecht.de/umfragen/insa.htm"
"22.11.2016";"Â";"31,5 %";"22 %";"10,5 %";"5,5 %";"10,5 %";"â€“";"â€“";"15 %";"5 %";"Â";"O â€¢ 2.030";"18.11.â€“21.11.";"insa";"http://www.wahlrecht.de/umfragen/insa.htm"
"14.11.2016";"Â";"30 %";"22,5 %";"10,5 %";"6,5 %";"11,5 %";"â€“";"â€“";"14,5 %";"4,5 %";"Â";"O â€¢ 2.037";"11.11.â€“14.11.";"insa";"http://www.wahlrecht.de/umfragen/insa.htm"
"08.11.2016";"Â";"30,5 %";"22 %";"11 %";"7 %";"10,5 %";"â€“";"â€“";"13,5 %";"5,5 %";"Â";"O â€¢ 2.045";"04.11.â€“07.11.";"insa";"http://www.wahlrecht.de/umfragen/insa.htm"
"02.11.2016";"Â";"30,5 %";"22,5 %";"11 %";"6,5 %";"11,5 %";"â€“";"â€“";"13 %";"5 %";"Â";"O â€¢ 2.037";"28.10.â€“02.11.";"insa";"http://www.wahlrecht.de/umfragen/insa.htm"
"25.10.2016";"Â";"30,5 %";"22,5 %";"11,5 %";"6 %";"11,5 %";"â€“";"â€“";"14 %";"4 %";"Â";"O â€¢ 2.043";"21.10.â€“24.10.";"insa";"http://www.wahlrecht.de/umfragen/insa.htm"
"18.10.2016";"Â";"29,5 %";"21,5 %";"12 %";"6,5 %";"12,5 %";"â€“";"â€“";"13,5 %";"4,5 %";"Â";"O â€¢ 2.077";"14.10.â€“17.10.";"insa";"http://www.wahlrecht.de/umfragen/insa.htm"
"10.10.2016";"Â";"29,5 %";"22 %";"11 %";"6,5 %";"12 %";"â€“";"â€“";"15 %";"4 %";"Â";"O â€¢ 2.085";"07.10.â€“10.10.";"insa";"http://www.wahlrecht.de/umfragen/insa.htm"
"05.10.2016";"Â";"30 %";"21 %";"11,5 %";"7 %";"11,5 %";"â€“";"â€“";"15 %";"4 %";"Â";"O â€¢ 2.049";"30.09.â€“03.10.";"insa";"http://www.wahlrecht.de/umfragen/insa.htm"
"27.09.2016";"Â";"30 %";"21 %";"10 %";"7 %";"11 %";"â€“";"â€“";"15,5 %";"5,5 %";"Â";"O â€¢ 2.048";"23.09.â€“26.09.";"insa";"http://www.wahlrecht.de/umfragen/insa.htm"
"19.09.2016";"Â";"30 %";"22 %";"11 %";"7 %";"10 %";"â€“";"â€“";"15 %";"5 %";"Â";"O â€¢ 2.069";"16.09.â€“19.09.";"insa";"http://www.wahlrecht.de/umfragen/insa.htm"
"13.09.2016";"Â";"30,5 %";"21,5 %";"11 %";"7 %";"10 %";"â€“";"â€“";"15 %";"5 %";"Â";"O â€¢ 2.035";"09.09.â€“12.09.";"insa";"http://www.wahlrecht.de/umfragen/insa.htm"
"05.09.2016";"Â";"30,5 %";"21,5 %";"11,5 %";"6,5 %";"9,5 %";"â€“";"â€“";"15 %";"5,5 %";"Â";"O â€¢ 2.071";"02.09.â€“05.09.";"insa";"http://www.wahlrecht.de/umfragen/insa.htm"
"30.08.2016";"Â";"30,5 %";"21 %";"11,5 %";"7 %";"10,5 %";"â€“";"â€“";"14,5 %";"5 %";"Â";"O â€¢ 2.013";"26.08.â€“29.08.";"insa";"http://www.wahlrecht.de/umfragen/insa.htm"
"23.08.2016";"Â";"31 %";"21 %";"11,5 %";"6,5 %";"10,5 %";"â€“";"â€“";"14 %";"5,5 %";"Â";"O â€¢ 2.020";"19.08.â€“22.08.";"insa";"http://www.wahlrecht.de/umfragen/insa.htm"
"16.08.2016";"Â";"31 %";"20,5 %";"11 %";"7 %";"11,5 %";"â€“";"â€“";"13,5 %";"5,5 %";"Â";"O â€¢ 2.046";"12.08.â€“15.08.";"insa";"http://www.wahlrecht.de/umfragen/insa.htm"
"09.08.2016";"Â";"31,5 %";"21 %";"11,5 %";"6,5 %";"11,5 %";"â€“";"â€“";"13 %";"5 %";"Â";"O â€¢ 2.056";"05.08.â€“08.08.";"insa";"http://www.wahlrecht.de/umfragen/insa.htm"
"02.08.2016";"Â";"31,5 %";"21 %";"11 %";"6,5 %";"11 %";"â€“";"â€“";"13 %";"6 %";"Â";"O â€¢ 1.973";"30.07.â€“01.08.";"insa";"http://www.wahlrecht.de/umfragen/insa.htm"
"26.07.2016";"Â";"31,5 %";"21,5 %";"12 %";"6,5 %";"11,5 %";"â€“";"â€“";"12 %";"5 %";"Â";"O â€¢ 2.049";"22.07.â€“25.07.";"insa";"http://www.wahlrecht.de/umfragen/insa.htm"
"19.07.2016";"Â";"32 %";"21 %";"12 %";"7 %";"11,5 %";"â€“";"â€“";"11 %";"5,5 %";"Â";"O â€¢ 2.038";"15.07.â€“18.07.";"insa";"http://www.wahlrecht.de/umfragen/insa.htm"
"11.07.2016";"Â";"31 %";"20,5 %";"12 %";"7,5 %";"11 %";"â€“";"â€“";"12,5 %";"5,5 %";"Â";"O â€¢ 2.034";"08.07.â€“11.07.";"insa";"http://www.wahlrecht.de/umfragen/insa.htm"
"04.07.2016";"Â";"30 %";"21 %";"12 %";"8 %";"10 %";"â€“";"â€“";"14,5 %";"4,5 %";"Â";"O â€¢ 2.001";"01.07.â€“04.07.";"insa";"http://www.wahlrecht.de/umfragen/insa.htm"
"27.06.2016";"Â";"30 %";"19 %";"13 %";"8 %";"11 %";"â€“";"â€“";"14 %";"5 %";"Â";"O â€¢ 2.054";"24.06.â€“27.06.";"insa";"http://www.wahlrecht.de/umfragen/insa.htm"
"20.06.2016";"Â";"31 %";"20 %";"13 %";"7 %";"11 %";"â€“";"â€“";"13 %";"5 %";"Â";"O â€¢ 2.017";"17.06.â€“20.06.";"insa";"http://www.wahlrecht.de/umfragen/insa.htm"
"13.06.2016";"Â";"30 %";"19,5 %";"12 %";"8 %";"11 %";"â€“";"â€“";"14 %";"5,5 %";"Â";"O â€¢ 2.047";"10.06.â€“13.06.";"insa";"http://www.wahlrecht.de/umfragen/insa.htm"
"06.06.2016";"Â";"30 %";"19 %";"13 %";"8 %";"10,5 %";"â€“";"â€“";"14 %";"5,5 %";"Â";"O â€¢ 2.032";"03.06.â€“06.06.";"insa";"http://www.wahlrecht.de/umfragen/insa.htm"
"31.05.2016";"Â";"30 %";"19 %";"13 %";"8 %";"9,5 %";"â€“";"â€“";"15 %";"5,5 %";"Â";"O â€¢ 2.053";"25.05.â€“30.05.";"insa";"http://www.wahlrecht.de/umfragen/insa.htm"
"23.05.2016";"Â";"30,5 %";"19,5 %";"13 %";"7 %";"10 %";"â€“";"â€“";"15 %";"5 %";"Â";"O â€¢ 2.022";"20.05.â€“23.05.";"insa";"http://www.wahlrecht.de/umfragen/insa.htm"
"17.05.2016";"Â";"30,5 %";"19,5 %";"13 %";"7,5 %";"10,5 %";"â€“";"â€“";"15 %";"4 %";"Â";"O â€¢ 1.947";"13.05.â€“17.05.";"insa";"http://www.wahlrecht.de/umfragen/insa.htm"
"09.05.2016";"Â";"30,5 %";"19,5 %";"13 %";"8 %";"10 %";"â€“";"â€“";"15 %";"4 %";"Â";"O â€¢ 2.048";"04.05.â€“09.05.";"insa";"http://www.wahlrecht.de/umfragen/insa.htm"
"02.05.2016";"Â";"32 %";"19,5 %";"13 %";"8 %";"10 %";"â€“";"â€“";"13,5 %";"4 %";"Â";"O â€¢ 2.036";"29.04.â€“02.05.";"insa";"http://www.wahlrecht.de/umfragen/insa.htm"
"25.04.2016";"Â";"31 %";"19,5 %";"14 %";"8 %";"10 %";"â€“";"â€“";"13,5 %";"4 %";"Â";"O â€¢ 2.054";"22.04.â€“25.04.";"insa";"http://www.wahlrecht.de/umfragen/insa.htm"
"18.04.2016";"Â";"31,5 %";"19,5 %";"13 %";"7 %";"9,5 %";"â€“";"â€“";"13,5 %";"6 %";"Â";"O â€¢ 2.010";"16.04.â€“18.04.";"insa";"http://www.wahlrecht.de/umfragen/insa.htm"
"11.04.2016";"Â";"31,5 %";"19,5 %";"13,5 %";"7,5 %";"9,5 %";"â€“";"â€“";"12,5 %";"6 %";"Â";"O â€¢ 1.997";"08.04.â€“11.04.";"insa";"http://www.wahlrecht.de/umfragen/insa.htm"
"04.04.2016";"Â";"32 %";"20 %";"12,5 %";"7,5 %";"9 %";"â€“";"â€“";"13 %";"6 %";"Â";"O â€¢ 2.036";"01.04.â€“04.04.";"insa";"http://www.wahlrecht.de/umfragen/insa.htm"
"29.03.2016";"Â";"32 %";"20 %";"12,5 %";"6 %";"11 %";"â€“";"â€“";"13 %";"5,5 %";"Â";"O â€¢ 1.873";"24.03.â€“29.03.";"insa";"http://www.wahlrecht.de/umfragen/insa.htm"
"21.03.2016";"Â";"33 %";"22 %";"11 %";"7 %";"10,5 %";"â€“";"â€“";"12 %";"4,5 %";"Â";"O â€¢ 2.022";"18.03.â€“21.03.";"insa";"http://www.wahlrecht.de/umfragen/insa.htm"
"14.03.2016";"Â";"32 %";"22 %";"10 %";"6,5 %";"11 %";"â€“";"â€“";"13 %";"5,5 %";"Â";"O â€¢ 2.004";"11.03.â€“14.03.";"insa";"http://www.wahlrecht.de/umfragen/insa.htm"
"08.03.2016";"Â";"32,5 %";"23 %";"11 %";"6,5 %";"10 %";"â€“";"â€“";"11,5 %";"5,5 %";"Â";"O â€¢ 2.011";"04.03.â€“07.03.";"insa";"http://www.wahlrecht.de/umfragen/insa.htm"
"29.02.2016";"Â";"32,5 %";"23 %";"11 %";"6,5 %";"11 %";"â€“";"â€“";"11,5 %";"4,5 %";"Â";"O â€¢ 2.007";"26.02.â€“29.02.";"insa";"http://www.wahlrecht.de/umfragen/insa.htm"
"22.02.2016";"Â";"32,5 %";"22,5 %";"10,5 %";"6,5 %";"10 %";"â€“";"â€“";"12,5 %";"5,5 %";"Â";"O â€¢ 2.001";"19.02.â€“22.02.";"insa";"http://www.wahlrecht.de/umfragen/insa.htm"
"15.02.2016";"Â";"32,5 %";"22,5 %";"11 %";"7 %";"9,5 %";"â€“";"â€“";"12,5 %";"5 %";"Â";"O â€¢ 2.014";"12.02.â€“15.02.";"insa";"http://www.wahlrecht.de/umfragen/insa.htm"
"09.02.2016";"Â";"32,5 %";"22 %";"11 %";"6 %";"10,5 %";"â€“";"â€“";"12 %";"6 %";"Â";"O â€¢ 2.054";"05.02.â€“09.02.";"insa";"http://www.wahlrecht.de/umfragen/insa.htm"
"01.02.2016";"Â";"33 %";"23 %";"10 %";"6 %";"10 %";"â€“";"â€“";"12,5 %";"5,5 %";"Â";"O â€¢ 2.007";"29.01.â€“01.02.";"insa";"http://www.wahlrecht.de/umfragen/insa.htm"
"25.01.2016";"Â";"32,5 %";"23 %";"10 %";"6 %";"9 %";"â€“";"â€“";"13 %";"6,5 %";"Â";"O â€¢ 2.047";"22.01.â€“25.01.";"insa";"http://www.wahlrecht.de/umfragen/insa.htm"
"18.01.2016";"Â";"32,5 %";"22,5 %";"9,5 %";"6,5 %";"10 %";"â€“";"â€“";"12,5 %";"6,5 %";"Â";"O â€¢ 2.051";"15.01.â€“18.01.";"insa";"http://www.wahlrecht.de/umfragen/insa.htm"
"11.01.2016";"Â";"35 %";"21,5 %";"10 %";"6 %";"10 %";"â€“";"â€“";"11,5 %";"6 %";"Â";"O â€¢ 2.039";"08.01.â€“11.01.";"insa";"http://www.wahlrecht.de/umfragen/insa.htm"
"04.01.2016";"Â";"36 %";"22,5 %";"10 %";"5 %";"10 %";"â€“";"â€“";"9,5 %";"7 %";"Â";"O â€¢ 2.022";"30.12.â€“04.01.";"insa";"http://www.wahlrecht.de/umfragen/insa.htm"
"21.12.2015";"Â";"35,5 %";"23 %";"9,5 %";"6 %";"11 %";"â€“";"â€“";"9,5 %";"5,5 %";"Â";"O â€¢ 2.066";"18.12.â€“21.12.";"insa";"http://www.wahlrecht.de/umfragen/insa.htm"
"14.12.2015";"Â";"35 %";"23,5 %";"9 %";"5,5 %";"10 %";"â€“";"â€“";"10 %";"7 %";"Â";"O â€¢ 2.030";"11.12.â€“14.12.";"insa";"http://www.wahlrecht.de/umfragen/insa.htm"
"08.12.2015";"Â";"35 %";"23,5 %";"9,5 %";"6 %";"9,5 %";"â€“";"â€“";"10 %";"6,5 %";"Â";"O â€¢ 2.012";"04.12.â€“07.12.";"insa";"http://www.wahlrecht.de/umfragen/insa.htm"
"30.11.2015";"Â";"34,5 %";"23,5 %";"9,5 %";"5,5 %";"9,5 %";"â€“";"â€“";"10,5 %";"7 %";"Â";"O â€¢ 2.016";"27.11.â€“30.11.";"insa";"http://www.wahlrecht.de/umfragen/insa.htm"
"23.11.2015";"Â";"34,5 %";"23 %";"9 %";"6 %";"10,5 %";"â€“";"â€“";"10 %";"7 %";"Â";"O â€¢ 2.025";"20.11.â€“23.11.";"insa";"http://www.wahlrecht.de/umfragen/insa.htm"
"16.11.2015";"Â";"35 %";"23,5 %";"10 %";"5 %";"10 %";"â€“";"â€“";"10,5 %";"6 %";"Â";"O â€¢ 2.057";"13.11.â€“16.11.";"insa";"http://www.wahlrecht.de/umfragen/insa.htm"
"09.11.2015";"Â";"34 %";"24 %";"10 %";"6 %";"11 %";"â€“";"â€“";"10 %";"5 %";"Â";"O â€¢ 2.017";"06.11.â€“09.11.";"insa";"http://www.wahlrecht.de/umfragen/insa.htm"
"02.11.2015";"Â";"35,5 %";"24,5 %";"10 %";"5,5 %";"10 %";"â€“";"â€“";"8 %";"6,5 %";"Â";"O â€¢ 2.173";"30.10.â€“02.11.";"insa";"http://www.wahlrecht.de/umfragen/insa.htm"
"27.10.2015";"Â";"35 %";"24,5 %";"11 %";"4,5 %";"9,5 %";"â€“";"â€“";"8,5 %";"7 %";"Â";"O â€¢ 2.196";"23.10.â€“26.10.";"insa";"http://www.wahlrecht.de/umfragen/insa.htm"
"19.10.2015";"Â";"37 %";"25 %";"9,5 %";"5 %";"9,5 %";"â€“";"â€“";"7,5 %";"6,5 %";"Â";"O â€¢ 2.173";"16.10.â€“19.10.";"insa";"http://www.wahlrecht.de/umfragen/insa.htm"
"12.10.2015";"Â";"38 %";"24,5 %";"10 %";"5 %";"9 %";"â€“";"â€“";"6,5 %";"7 %";"Â";"O â€¢ 2.190";"09.10.â€“12.10.";"insa";"http://www.wahlrecht.de/umfragen/insa.htm"
"06.10.2015";"Â";"39 %";"24 %";"9,5 %";"5 %";"10 %";"â€“";"â€“";"6 %";"6,5 %";"Â";"O â€¢ 2.183";"02.10.â€“05.10.";"insa";"http://www.wahlrecht.de/umfragen/insa.htm"
"28.09.2015";"Â";"38,5 %";"23,5 %";"10,5 %";"4 %";"10,5 %";"â€“";"â€“";"6 %";"7 %";"Â";"O â€¢ 2.201";"25.09.â€“28.09.";"insa";"http://www.wahlrecht.de/umfragen/insa.htm"
"21.09.2015";"Â";"39,5 %";"24,5 %";"9,5 %";"4 %";"10 %";"â€“";"â€“";"6 %";"6,5 %";"Â";"O â€¢ 2.187";"18.09.â€“21.09.";"insa";"http://www.wahlrecht.de/umfragen/insa.htm"
"14.09.2015";"Â";"40 %";"24 %";"10 %";"4 %";"9,5 %";"â€“";"â€“";"5,5 %";"7 %";"Â";"O â€¢ 2.172";"11.09.â€“14.09.";"insa";"http://www.wahlrecht.de/umfragen/insa.htm"
"08.09.2015";"Â";"41,5 %";"24 %";"10,5 %";"4 %";"9,5 %";"â€“";"â€“";"5 %";"5,5 %";"Â";"O â€¢ 2.151";"04.09.â€“07.09.";"insa";"http://www.wahlrecht.de/umfragen/insa.htm"
"31.08.2015";"Â";"41,5 %";"23,5 %";"10 %";"4 %";"9,5 %";"â€“";"â€“";"4,5 %";"7 %";"Â";"O â€¢ 2.169";"28.08.â€“31.08.";"insa";"http://www.wahlrecht.de/umfragen/insa.htm"
"26.08.2015";"Â";"42 %";"23,5 %";"10,5 %";"4 %";"9,5 %";"â€“";"â€“";"3,5 %";"7 %";"Â";"O â€¢ 2.169";"21.08.â€“24.08.";"insa";"http://www.wahlrecht.de/umfragen/insa.htm"
"17.08.2015";"Â";"41 %";"24,5 %";"11 %";"4,5 %";"9 %";"â€“";"â€“";"4 %";"6 %";"Â";"O â€¢ 2.178";"14.08.â€“17.08.";"insa";"http://www.wahlrecht.de/umfragen/insa.htm"
"11.08.2015";"Â";"42,5 %";"23 %";"10,5 %";"4,5 %";"9 %";"â€“";"â€“";"4 %";"6,5 %";"Â";"O â€¢ 2.161";"07.08.â€“10.08.";"insa";"http://www.wahlrecht.de/umfragen/insa.htm"
"03.08.2015";"Â";"43 %";"24,5 %";"10 %";"4 %";"9,5 %";"â€“";"â€“";"3 %";"6 %";"Â";"O â€¢ 2.166";"31.07.â€“03.08.";"insa";"http://www.wahlrecht.de/umfragen/insa.htm"
"28.07.2015";"Â";"41,5 %";"25,5 %";"9,5 %";"4 %";"9,5 %";"â€“";"â€“";"3 %";"7 %";"Â";"O â€¢ 2.167";"24.07.â€“27.07.";"insa";"http://www.wahlrecht.de/umfragen/insa.htm"
"20.07.2015";"Â";"42 %";"25 %";"9,5 %";"4 %";"9,5 %";"1,5 %";"â€“";"3 %";"5,5 %";"Â";"O â€¢ 2.187";"17.07.â€“20.07.";"insa";"http://www.wahlrecht.de/umfragen/insa.htm"
"13.07.2015";"Â";"42 %";"25,5 %";"9,5 %";"4 %";"9,5 %";"â€“";"â€“";"3,5 %";"6 %";"Â";"O â€¢ 2.178";"10.07.â€“13.07.";"insa";"http://www.wahlrecht.de/umfragen/insa.htm"
"07.07.2015";"Â";"43 %";"24 %";"10 %";"4 %";"9 %";"1 %";"â€“";"4 %";"5 %";"Â";"O â€¢ 2.189";"03.07.â€“06.07.";"insa";"http://www.wahlrecht.de/umfragen/insa.htm"
"30.06.2015";"Â";"39,5 %";"24,5 %";"9,5 %";"5 %";"9,5 %";"2 %";"â€“";"4,5 %";"5,5 %";"Â";"O â€¢ 2.187";"26.06.â€“29.06.";"insa";"http://www.wahlrecht.de/umfragen/insa.htm"
"23.06.2015";"Â";"40 %";"25 %";"10 %";"4 %";"9,5 %";"â€“";"â€“";"4,5 %";"7 %";"Â";"O â€¢ 2.179";"19.06.â€“22.06.";"insa";"http://www.wahlrecht.de/umfragen/insa.htm"
"15.06.2015";"Â";"41 %";"24 %";"9,5 %";"4,5 %";"10,5 %";"â€“";"â€“";"4,5 %";"6 %";"Â";"O â€¢ 2.177";"12.06.â€“15.06.";"insa";"http://www.wahlrecht.de/umfragen/insa.htm"
"10.06.2015";"Â";"40 %";"24 %";"10 %";"5 %";"10 %";"â€“";"â€“";"5 %";"6 %";"Â";"O â€¢ 2.189";"05.06.â€“08.06.";"insa";"http://www.wahlrecht.de/umfragen/insa.htm"
"01.06.2015";"Â";"41 %";"25 %";"10 %";"5 %";"8,5 %";"â€“";"â€“";"5 %";"5,5 %";"Â";"O â€¢ 2.168";"29.05.â€“01.06.";"insa";"http://www.wahlrecht.de/umfragen/insa.htm"
"27.05.2015";"Â";"41 %";"24,5 %";"9,5 %";"5 %";"9,5 %";"â€“";"â€“";"5,5 %";"5 %";"Â";"O â€¢ 2.163";"22.05.â€“25.05.";"insa";"http://www.wahlrecht.de/umfragen/insa.htm"
"19.05.2015";"Â";"40,5 %";"24 %";"10 %";"4,5 %";"9,5 %";"â€“";"â€“";"5,5 %";"6 %";"Â";"O â€¢ 2.175";"15.05.â€“18.05.";"insa";"http://www.wahlrecht.de/umfragen/insa.htm"
"13.05.2015";"Â";"41,5 %";"24,5 %";"9 %";"3 %";"9,5 %";"â€“";"â€“";"6 %";"6,5 %";"Â";"O â€¢ 2.149";"08.05.â€“11.05.";"insa";"http://www.wahlrecht.de/umfragen/insa.htm"
"04.05.2015";"Â";"41 %";"25 %";"9,5 %";"3 %";"9,5 %";"2 %";"â€“";"6 %";"4 %";"Â";"O â€¢ 2.148";"01.05.â€“04.05.";"insa";"http://www.wahlrecht.de/umfragen/insa.htm"
"27.04.2015";"Â";"40,5 %";"25 %";"11 %";"3 %";"8,5 %";"1,5 %";"â€“";"6 %";"4,5 %";"Â";"O â€¢ 2.169";"24.04.â€“27.04.";"insa";"http://www.wahlrecht.de/umfragen/insa.htm"
"21.04.2015";"Â";"41 %";"24,5 %";"10 %";"3,5 %";"9 %";"â€“";"â€“";"6,5 %";"5,5 %";"Â";"O â€¢ 2.174";"17.04.â€“20.04.";"insa";"http://www.wahlrecht.de/umfragen/insa.htm"
"14.04.2015";"Â";"41 %";"23,5 %";"10 %";"3 %";"9,5 %";"â€“";"â€“";"6,5 %";"6,5 %";"Â";"O â€¢ 2.161";"10.04.â€“13.04.";"insa";"http://www.wahlrecht.de/umfragen/insa.htm"
"09.04.2015";"Â";"42 %";"24 %";"9 %";"3 %";"9 %";"â€“";"â€“";"6,5 %";"6,5 %";"Â";"O â€¢ 2.174";"03.04.â€“07.04.";"insa";"http://www.wahlrecht.de/umfragen/insa.htm"
"31.03.2015";"Â";"43 %";"23,5 %";"10 %";"3 %";"9 %";"â€“";"â€“";"6 %";"5,5 %";"Â";"O â€¢ 1.978";"27.03.â€“30.03.";"insa";"http://www.wahlrecht.de/umfragen/insa.htm"
"24.03.2015";"Â";"41 %";"24 %";"9,5 %";"4 %";"9 %";"â€“";"â€“";"6,5 %";"6 %";"Â";"O â€¢ 2.012";"20.03.â€“23.03.";"insa";"http://www.wahlrecht.de/umfragen/insa.htm"
"17.03.2015";"Â";"41 %";"22,5 %";"9,5 %";"3,5 %";"10 %";"â€“";"â€“";"7,5 %";"6 %";"Â";"O â€¢ 1.998";"13.03.â€“16.03.";"insa";"http://www.wahlrecht.de/umfragen/insa.htm"
"11.03.2015";"Â";"41 %";"24,5 %";"9,5 %";"3 %";"9 %";"â€“";"â€“";"7,5 %";"5,5 %";"Â";"O â€¢ 1.997";"06.03.â€“09.03.";"insa";"http://www.wahlrecht.de/umfragen/insa.htm"
"02.03.2015";"Â";"41 %";"24 %";"9,5 %";"3 %";"9 %";"â€“";"â€“";"7,5 %";"6 %";"Â";"O â€¢ 2.019";"27.02.â€“02.03.";"insa";"http://www.wahlrecht.de/umfragen/insa.htm"
"24.02.2015";"Â";"41 %";"24,5 %";"9,5 %";"3 %";"8,5 %";"â€“";"â€“";"7,5 %";"6 %";"Â";"O â€¢ 1.992";"20.02.â€“23.02.";"insa";"http://www.wahlrecht.de/umfragen/insa.htm"
"18.02.2015";"Â";"42 %";"24 %";"10 %";"3 %";"8,5 %";"â€“";"â€“";"7 %";"5,5 %";"Â";"O â€¢ 2.011";"13.02.â€“17.02.";"insa";"http://www.wahlrecht.de/umfragen/insa.htm"
"10.02.2015";"Â";"40,5 %";"25 %";"10,5 %";"3 %";"8,5 %";"â€“";"â€“";"7,5 %";"5 %";"Â";"O â€¢ 2.005";"06.02.â€“09.02.";"insa";"http://www.wahlrecht.de/umfragen/insa.htm"
"02.02.2015";"Â";"41 %";"25 %";"10 %";"2,5 %";"9 %";"â€“";"â€“";"7 %";"5,5 %";"Â";"O â€¢ 2.013";"30.01.â€“02.02.";"insa";"http://www.wahlrecht.de/umfragen/insa.htm"
"26.01.2015";"Â";"42 %";"24 %";"10 %";"3 %";"8,5 %";"â€“";"â€“";"7 %";"5,5 %";"Â";"O â€¢ 2.005";"23.01.â€“26.01.";"insa";"http://www.wahlrecht.de/umfragen/insa.htm"
"20.01.2015";"Â";"42 %";"23 %";"10 %";"3,5 %";"9 %";"1,5 %";"â€“";"7 %";"4 %";"Â";"O â€¢ 2.019";"16.01.â€“19.01.";"insa";"http://www.wahlrecht.de/umfragen/insa.htm"
"15.01.2015";"Â";"43 %";"23 %";"10 %";"2,5 %";"9 %";"1,5 %";"â€“";"7,5 %";"3,5 %";"Â";"O â€¢ 2.058";"09.01.â€“12.01.";"insa";"http://www.wahlrecht.de/umfragen/insa.htm"
"06.01.2015";"Â";"42,5 %";"24 %";"9 %";"2 %";"9,5 %";"â€“";"â€“";"7,5 %";"5,5 %";"Â";"O â€¢ 2.036";"02.01.â€“05.01.";"insa";"http://www.wahlrecht.de/umfragen/insa.htm"
"16.12.2014";"Â";"41,5 %";"24,5 %";"9,5 %";"2 %";"10 %";"â€“";"â€“";"7,5 %";"5 %";"Â";"O â€¢ 2.017";"12.12.â€“15.12.";"insa";"http://www.wahlrecht.de/umfragen/insa.htm"
"11.12.2014";"Â";"41 %";"24 %";"9,5 %";"2 %";"9,5 %";"â€“";"â€“";"8 %";"6 %";"Â";"O â€¢ 2.046";"05.12.â€“08.12.";"insa";"http://www.wahlrecht.de/umfragen/insa.htm"
"02.12.2014";"Â";"41,5 %";"23 %";"9 %";"2 %";"10 %";"â€“";"â€“";"8,5 %";"6 %";"Â";"O â€¢ 2.047";"28.11.â€“01.12.";"insa";"http://www.wahlrecht.de/umfragen/insa.htm"
"24.11.2014";"Â";"41 %";"24 %";"9 %";"2,5 %";"10,5 %";"â€“";"â€“";"7,5 %";"5,5 %";"Â";"O â€¢ 1.979";"21.11.â€“24.11.";"insa";"http://www.wahlrecht.de/umfragen/insa.htm"
"17.11.2014";"Â";"40 %";"25 %";"10 %";"2,5 %";"10 %";"â€“";"â€“";"7 %";"5,5 %";"Â";"O â€¢ 2.017";"14.11.â€“17.11.";"insa";"http://www.wahlrecht.de/umfragen/insa.htm"
"11.11.2014";"Â";"41 %";"24,5 %";"10 %";"3,5 %";"9 %";"â€“";"â€“";"8 %";"4 %";"Â";"O â€¢ 2.028";"07.11.â€“10.11.";"insa";"http://www.wahlrecht.de/umfragen/insa.htm"
"05.11.2014";"Â";"41 %";"25 %";"9 %";"2,5 %";"9 %";"1,5 %";"â€“";"8 %";"4 %";"Â";"O â€¢ 2.020";"03.11.â€“05.11.";"insa";"http://www.wahlrecht.de/umfragen/insa.htm"
"28.10.2014";"Â";"41 %";"24 %";"10 %";"2 %";"9 %";"1,5 %";"â€“";"8 %";"4,5 %";"Â";"O â€¢ 2.003";"24.10.â€“27.10.";"insa";"http://www.wahlrecht.de/umfragen/insa.htm"
"21.10.2014";"Â";"40,5 %";"24,5 %";"9 %";"2,5 %";"9 %";"1,5 %";"â€“";"8 %";"5 %";"Â";"O â€¢ 2.005";"17.10.â€“20.10.";"insa";"http://www.wahlrecht.de/umfragen/insa.htm"
"13.10.2014";"Â";"40 %";"24 %";"10 %";"2 %";"9 %";"â€“";"â€“";"9 %";"6 %";"Â";"O â€¢ 2.043";"10.10.â€“13.10.";"insa";"http://www.wahlrecht.de/umfragen/insa.htm"
"07.10.2014";"Â";"39 %";"24 %";"11 %";"3 %";"8 %";"â€“";"â€“";"8 %";"7 %";"Â";"O â€¢ 2.030";"03.10.â€“06.10.";"insa";"http://www.wahlrecht.de/umfragen/insa.htm"
"29.09.2014";"Â";"38,5 %";"25 %";"11 %";"3 %";"9,5 %";"â€“";"â€“";"8,5 %";"4,5 %";"Â";"O â€¢ 2.037";"26.09.â€“29.09.";"insa";"http://www.wahlrecht.de/umfragen/insa.htm"
"24.09.2014";"Â";"39,5 %";"24 %";"10 %";"3 %";"9 %";"â€“";"â€“";"8 %";"6,5 %";"Â";"O â€¢ 2.019";"19.09.â€“22.09.";"insa";"http://www.wahlrecht.de/umfragen/insa.htm"
"16.09.2014";"Â";"39 %";"25 %";"10 %";"3,5 %";"9,5 %";"â€“";"â€“";"7 %";"6 %";"Â";"O â€¢ 2.020";"12.09.â€“15.09.";"insa";"http://www.wahlrecht.de/umfragen/insa.htm"
"10.09.2014";"Â";"39,5 %";"23 %";"11 %";"3,5 %";"9 %";"2 %";"â€“";"6 %";"6 %";"Â";"O â€¢ 2.030";"05.09.â€“08.09.";"insa";"http://www.wahlrecht.de/umfragen/insa.htm"
"02.09.2014";"Â";"40 %";"25 %";"10 %";"3 %";"10 %";"â€“";"â€“";"6 %";"6 %";"Â";"O â€¢ 2.036";"29.08.â€“01.09.";"insa";"http://www.wahlrecht.de/umfragen/insa.htm"
"27.08.2014";"Â";"42 %";"25 %";"10 %";"3,5 %";"9,5 %";"â€“";"â€“";"5 %";"5 %";"Â";"O â€¢ 1.998";"22.08.â€“25.08.";"insa";"http://www.wahlrecht.de/umfragen/insa.htm"
"20.08.2014";"Â";"41 %";"26 %";"10 %";"3,5 %";"9 %";"â€“";"â€“";"5 %";"5,5 %";"Â";"O â€¢ 2.005";"15.08.â€“18.08.";"insa";"http://www.wahlrecht.de/umfragen/insa.htm"
"13.08.2014";"Â";"42 %";"26 %";"9,5 %";"3 %";"9 %";"â€“";"â€“";"5,5 %";"5 %";"Â";"O â€¢ 2.006";"08.08.â€“11.08.";"insa";"http://www.wahlrecht.de/umfragen/insa.htm"
"05.08.2014";"Â";"41 %";"25 %";"9,5 %";"3 %";"9,5 %";"2 %";"â€“";"4,5 %";"5,5 %";"Â";"O â€¢ 2.032";"01.08.â€“04.08.";"insa";"http://www.wahlrecht.de/umfragen/insa.htm"
"29.07.2014";"Â";"40 %";"24,5 %";"10,5 %";"3,5 %";"9 %";"1,5 %";"â€“";"5 %";"6 %";"Â";"O â€¢ 2.014";"25.07.â€“28.07.";"insa";"http://www.wahlrecht.de/umfragen/insa.htm"
"23.07.2014";"Â";"41 %";"24 %";"10 %";"3,5 %";"9 %";"1,5 %";"â€“";"6 %";"5 %";"Â";"O â€¢ 2.044";"18.07.â€“21.07.";"insa";"http://www.wahlrecht.de/umfragen/insa.htm"
"14.07.2014";"Â";"40 %";"24 %";"11 %";"3,5 %";"9 %";"1,5 %";"â€“";"6 %";"5 %";"Â";"O â€¢ 2.018";"11.07.â€“14.07.";"insa";"http://www.wahlrecht.de/umfragen/insa.htm"
"08.07.2014";"Â";"40 %";"25 %";"10 %";"4 %";"9 %";"2,5 %";"â€“";"5,5 %";"4 %";"Â";"O â€¢ 2.033";"04.07.â€“07.07.";"insa";"http://www.wahlrecht.de/umfragen/insa.htm"
"30.06.2014";"Â";"41 %";"24 %";"10 %";"3,5 %";"9 %";"2 %";"â€“";"6 %";"4,5 %";"Â";"O â€¢ 2.044";"27.06.â€“30.06.";"insa";"http://www.wahlrecht.de/umfragen/insa.htm"
"23.06.2014";"Â";"40,5 %";"24 %";"11 %";"3 %";"9 %";"2 %";"â€“";"6 %";"4,5 %";"Â";"O â€¢ 2.020";"20.06.â€“23.06.";"insa";"http://www.wahlrecht.de/umfragen/insa.htm"
"16.06.2014";"Â";"39,5 %";"25 %";"11 %";"4 %";"8,5 %";"1,5 %";"â€“";"6 %";"4,5 %";"Â";"O â€¢ 1.993";"13.06.â€“16.06.";"insa";"http://www.wahlrecht.de/umfragen/insa.htm"
"11.06.2014";"Â";"39 %";"24,5 %";"11 %";"4,5 %";"9 %";"2 %";"â€“";"6,5 %";"3,5 %";"Â";"O â€¢ 2.036";"06.06.â€“10.06.";"insa";"http://www.wahlrecht.de/umfragen/insa.htm"
"03.06.2014";"Â";"38 %";"26 %";"11 %";"3,5 %";"9 %";"2,5 %";"â€“";"6 %";"4 %";"Â";"O â€¢ 2.014";"30.05.â€“02.06.";"insa";"http://www.wahlrecht.de/umfragen/insa.htm"
"27.05.2014";"Â";"39 %";"26 %";"10 %";"4 %";"9 %";"2 %";"â€“";"6 %";"4 %";"Â";"O â€¢ 2.009";"23.05.â€“26.05.";"insa";"http://www.wahlrecht.de/umfragen/insa.htm"
"19.05.2014";"Â";"40 %";"25 %";"10 %";"4 %";"9 %";"2 %";"â€“";"5 %";"5 %";"Â";"O â€¢ 2.009";"16.05.â€“19.05.";"insa";"http://www.wahlrecht.de/umfragen/insa.htm"
"13.05.2014";"Â";"40 %";"23,5 %";"11 %";"4 %";"10 %";"2 %";"â€“";"5,5 %";"4 %";"Â";"O â€¢ 2.033";"09.05.â€“12.05.";"insa";"http://www.wahlrecht.de/umfragen/insa.htm"
"05.05.2014";"Â";"41 %";"25 %";"11 %";"3 %";"9 %";"2 %";"â€“";"5 %";"4 %";"Â";"O â€¢ 2.082";"02.05.â€“05.05.";"insa";"http://www.wahlrecht.de/umfragen/insa.htm"
"29.04.2014";"Â";"41,5 %";"24 %";"10 %";"4,5 %";"9 %";"2 %";"â€“";"5,5 %";"3,5 %";"Â";"O â€¢ 2.093";"25.04.â€“28.04.";"insa";"http://www.wahlrecht.de/umfragen/insa.htm"
"23.04.2014";"Â";"41 %";"24,5 %";"10,5 %";"4,5 %";"9 %";"2 %";"â€“";"5 %";"3,5 %";"Â";"O â€¢ 2.089";"18.04.â€“21.04.";"insa";"http://www.wahlrecht.de/umfragen/insa.htm"
"14.04.2014";"Â";"40,5 %";"23,5 %";"10 %";"5 %";"10 %";"2 %";"â€“";"5,5 %";"3,5 %";"Â";"O â€¢ 2.080";"11.04.â€“14.04.";"insa";"http://www.wahlrecht.de/umfragen/insa.htm"
"08.04.2014";"Â";"41 %";"24 %";"10 %";"4 %";"10 %";"2 %";"â€“";"6 %";"3 %";"Â";"O â€¢ 2.085";"04.04.â€“07.04.";"insa";"http://www.wahlrecht.de/umfragen/insa.htm"
"01.04.2014";"Â";"41 %";"24,5 %";"11 %";"3 %";"9 %";"2 %";"â€“";"5 %";"4,5 %";"Â";"O â€¢ 2.087";"28.03.â€“31.03.";"insa";"http://www.wahlrecht.de/umfragen/insa.htm"
"26.03.2014";"Â";"41 %";"25 %";"10 %";"4 %";"10 %";"2 %";"â€“";"5 %";"3 %";"Â";"O â€¢ 2.088";"21.03.â€“24.03.";"insa";"http://www.wahlrecht.de/umfragen/insa.htm"
"19.03.2014";"Â";"40,5 %";"24,5 %";"10 %";"4 %";"10 %";"2 %";"â€“";"5 %";"4 %";"Â";"O â€¢ 2.102";"14.03.â€“17.03.";"insa";"http://www.wahlrecht.de/umfragen/insa.htm"
"11.03.2014";"Â";"41 %";"25,5 %";"10 %";"4 %";"8,5 %";"2 %";"â€“";"5,5 %";"3,5 %";"Â";"O â€¢ 2.085";"07.03.â€“10.03.";"insa";"http://www.wahlrecht.de/umfragen/insa.htm"
"04.03.2014";"Â";"41 %";"24,5 %";"11 %";"4 %";"9,5 %";"2 %";"â€“";"5 %";"3 %";"Â";"O â€¢ 2.043";"28.02.â€“03.03.";"insa";"http://www.wahlrecht.de/umfragen/insa.htm"
"25.02.2014";"Â";"40,5 %";"25,5 %";"10 %";"4 %";"9 %";"2,5 %";"â€“";"5,5 %";"3 %";"Â";"O â€¢ 2.100";"21.02.â€“24.02.";"insa";"http://www.wahlrecht.de/umfragen/insa.htm"
"17.02.2014";"Â";"41 %";"25 %";"10 %";"4 %";"10 %";"2,5 %";"â€“";"5 %";"2,5 %";"Â";"O â€¢ 2.080";"14.02.â€“17.02.";"insa";"http://www.wahlrecht.de/umfragen/insa.htm"
"11.02.2014";"Â";"41 %";"26 %";"9 %";"4 %";"9,5 %";"2 %";"â€“";"5 %";"3,5 %";"Â";"O â€¢ 2.102";"07.02.â€“10.02.";"insa";"http://www.wahlrecht.de/umfragen/insa.htm"
"03.02.2014";"Â";"41,5 %";"25 %";"9,5 %";"4 %";"9 %";"2,5 %";"â€“";"5 %";"3,5 %";"Â";"O â€¢ 2.110";"31.01.â€“03.02.";"insa";"http://www.wahlrecht.de/umfragen/insa.htm"
"27.01.2014";"Â";"41 %";"26,5 %";"9,5 %";"4,5 %";"8,5 %";"2,5 %";"â€“";"4 %";"3,5 %";"Â";"O â€¢ 2.079";"24.01.â€“27.01.";"insa";"http://www.wahlrecht.de/umfragen/insa.htm"
"22.01.2014";"Â";"41 %";"26 %";"9,5 %";"4,5 %";"9 %";"â€“";"â€“";"4 %";"6 %";"Â";"O â€¢ 2.096";"17.01.â€“20.01.";"insa";"http://www.wahlrecht.de/umfragen/insa.htm"
"13.01.2014";"Â";"41 %";"26 %";"10 %";"4 %";"9,5 %";"â€“";"â€“";"4 %";"5,5 %";"Â";"O â€¢ 2.083";"10.01.â€“13.01.";"insa";"http://www.wahlrecht.de/umfragen/insa.htm"
"06.01.2014";"Â";"41,5 %";"25 %";"9 %";"4 %";"10 %";"â€“";"â€“";"5 %";"5,5 %";"Â";"O â€¢ 2.067";"03.01.â€“06.01.";"insa";"http://www.wahlrecht.de/umfragen/insa.htm"
"17.12.2013";"Â";"42 %";"27 %";"9 %";"4 %";"9 %";"â€“";"â€“";"4 %";"5 %";"Â";"O â€¢ 2.100";"13.12.â€“16.12.";"insa";"http://www.wahlrecht.de/umfragen/insa.htm"
"09.12.2013";"Â";"42 %";"25 %";"10 %";"4 %";"9,5 %";"â€“";"â€“";"4,5 %";"5 %";"Â";"O â€¢ 2.090";"06.12.â€“09.12.";"insa";"http://www.wahlrecht.de/umfragen/insa.htm"
"03.12.2013";"Â";"42,5 %";"24 %";"11 %";"3,5 %";"9,5 %";"â€“";"â€“";"4 %";"5,5 %";"Â";"O â€¢ 2.093";"29.11.â€“02.12.";"insa";"http://www.wahlrecht.de/umfragen/insa.htm"
"27.11.2013";"Â";"40,5 %";"25,5 %";"10,5 %";"4 %";"9 %";"â€“";"â€“";"4 %";"6,5 %";"Â";"O â€¢ 2.095";"22.11.â€“25.11.";"insa";"http://www.wahlrecht.de/umfragen/insa.htm"
"20.11.2013";"Â";"41 %";"25 %";"10 %";"4 %";"9,5 %";"â€“";"â€“";"4,5 %";"6 %";"Â";"O â€¢ 2.093";"15.11.â€“18.11.";"insa";"http://www.wahlrecht.de/umfragen/insa.htm"
"12.11.2013";"Â";"42 %";"25 %";"11 %";"4 %";"8,5 %";"â€“";"â€“";"4,5 %";"5 %";"Â";"O â€¢ 2.099";"06.11.â€“11.11.";"insa";"http://www.wahlrecht.de/umfragen/insa.htm"
"06.11.2013";"Â";"42 %";"26 %";"10,5 %";"3,5 %";"9 %";"â€“";"â€“";"4 %";"5 %";"Â";"O â€¢ 2.086";"01.11.â€“04.11.";"insa";"http://www.wahlrecht.de/umfragen/insa.htm"
"30.10.2013";"Â";"42 %";"26,5 %";"10 %";"3,5 %";"9 %";"â€“";"â€“";"4,5 %";"4,5 %";"Â";"O â€¢ 2.097";"25.10.â€“28.10.";"insa";"http://www.wahlrecht.de/umfragen/insa.htm"
"21.10.2013";"Â";"43 %";"26 %";"10 %";"3,5 %";"8,5 %";"â€“";"â€“";"4 %";"5 %";"Â";"O â€¢ 2.117";"18.10.â€“21.10.";"insa";"http://www.wahlrecht.de/umfragen/insa.htm"
"15.10.2013";"Â";"42 %";"26 %";"9 %";"4 %";"9 %";"â€“";"â€“";"6 %";"4 %";"Â";"O â€¢ 1.998";"11.10.â€“14.10.";"insa";"http://www.wahlrecht.de/umfragen/insa.htm"
"10.10.2013";"Â";"43 %";"25 %";"9 %";"4 %";"9 %";"2 %";"1 %";"5 %";"2 %";"Â";"O â€¢ 2.030";"08.10.â€“09.10.";"insa";"http://www.wahlrecht.de/umfragen/insa.htm"
"22.09.2013";"Â";"41,5 %";"25,7 %";"8,4 %";"4,8 %";"8,6 %";"2,2 %";"1 %";"4,7 %";"3,1 %";"Â";"Bundestagswahl";"Bundestagswahl";"insa";"http://www.wahlrecht.de/umfragen/insa.htm"
"19.09.2013";"Â";"38 %";"28 %";"8 %";"6 %";"9 %";"2 %";"1 %";"5 %";"3 %";"Â";"O â€¢ 2.248";"15.09.â€“18.09.";"insa";"http://www.wahlrecht.de/umfragen/insa.htm"
"15.09.2013";"Â";"38 %";"27 %";"11 %";"4 %";"8 %";"3 %";"?";"4 %";"?";"Â";"O â€¢ 2.132";"??.09.â€“??.09.";"insa";"http://www.wahlrecht.de/umfragen/insa.htm"
"09.09.2013";"Â";"39 %";"28 %";"11 %";"4 %";"8 %";"3 %";"1 %";"3 %";"3 %";"Â";"O â€¢ 2.132";"06.09.â€“09.09.";"insa";"http://www.wahlrecht.de/umfragen/insa.htm"
"02.09.2013";"Â";"39 %";"26 %";"13 %";"5 %";"8 %";"3 %";"1 %";"3 %";"2 %";"Â";"O â€¢ 2.135";"30.08.â€“02.09.";"insa";"http://www.wahlrecht.de/umfragen/insa.htm"
"26.08.2013";"Â";"39 %";"25 %";"14 %";"6 %";"7 %";"3 %";"2 %";"3 %";"1 %";"Â";"O â€¢ 2.128";"23.08.â€“26.08.";"insa";"http://www.wahlrecht.de/umfragen/insa.htm"
"20.08.2013";"Â";"38 %";"26 %";"15 %";"5 %";"8 %";"3 %";"1 %";"3 %";"1 %";"Â";"O â€¢ 2.122";"16.08.â€“19.08.";"insa";"http://www.wahlrecht.de/umfragen/insa.htm"
"13.08.2013";"Â";"39 %";"26 %";"14 %";"5 %";"8 %";"2 %";"1 %";"3 %";"2 %";"Â";"O â€¢ 2.121";"09.08.â€“12.08.";"insa";"http://www.wahlrecht.de/umfragen/insa.htm"
"05.08.2013";"Â";"39 %";"26 %";"14 %";"5 %";"8 %";"2 %";"1 %";"2 %";"3 %";"Â";"O â€¢ 2.131";"02.08.â€“05.08.";"insa";"http://www.wahlrecht.de/umfragen/insa.htm"
"30.07.2013";"Â";"39 %";"26 %";"15 %";"4 %";"7 %";"2 %";"1 %";"3 %";"3 %";"Â";"O â€¢ 2.128";"26.07.â€“29.07.";"insa";"http://www.wahlrecht.de/umfragen/insa.htm"
"23.07.2013";"Â";"38 %";"26 %";"15 %";"5 %";"7 %";"2 %";"1 %";"3 %";"3 %";"Â";"O â€¢ 2.132";"19.07.â€“22.07.";"insa";"http://www.wahlrecht.de/umfragen/insa.htm"
"16.07.2013";"Â";"38 %";"26 %";"15 %";"5 %";"8 %";"2 %";"1 %";"3 %";"2 %";"Â";"O â€¢ 2.122";"12.07.â€“15.07.";"insa";"http://www.wahlrecht.de/umfragen/insa.htm"
"09.07.2013";"Â";"39 %";"26 %";"14 %";"5 %";"7 %";"2 %";"1 %";"3 %";"3 %";"Â";"O â€¢ 2.125";"05.07.â€“08.07.";"insa";"http://www.wahlrecht.de/umfragen/insa.htm"
"01.07.2013";"Â";"40 %";"25 %";"15 %";"4 %";"7 %";"2 %";"2 %";"3 %";"2 %";"Â";"O â€¢ 2.121";"28.06.â€“01.07.";"insa";"http://www.wahlrecht.de/umfragen/insa.htm"
"24.06.2013";"Â";"39 %";"26 %";"16 %";"4 %";"7 %";"2 %";"1 %";"2 %";"3 %";"Â";"O â€¢ 2.129";"21.06.â€“24.06.";"insa";"http://www.wahlrecht.de/umfragen/insa.htm"
"19.06.2013";"Â";"40 %";"25 %";"15 %";"4 %";"7 %";"3 %";"1 %";"3 %";"2 %";"Â";"O â€¢ 2.317";"14.06.â€“17.06.";"insa";"http://www.wahlrecht.de/umfragen/insa.htm"
"11.06.2013";"Â";"39 %";"26 %";"14 %";"5 %";"7 %";"2 %";"1 %";"3 %";"3 %";"Â";"O â€¢ 2.005";"07.06.â€“11.06.";"insa";"http://www.wahlrecht.de/umfragen/insa.htm"
"04.06.2013";"Â";"39 %";"27 %";"15 %";"4 %";"6 %";"3 %";"1 %";"3 %";"2 %";"Â";"O â€¢ 2.633";"31.05.â€“03.06.";"insa";"http://www.wahlrecht.de/umfragen/insa.htm"
"01.06.2013";"Â";"39 %";"26 %";"14 %";"4 %";"7 %";"3 %";"1 %";"4 %";"2 %";"Â";"O â€¢ 1.025";"27.05.â€“29.05.";"insa";"http://www.wahlrecht.de/umfragen/insa.htm"
"27.05.2013";"Â";"39 %";"25 %";"14 %";"4 %";"7 %";"2 %";"2 %";"3 %";"4 %";"Â";"O â€¢ 2.019";"24.05.â€“27.05.";"insa";"http://www.wahlrecht.de/umfragen/insa.htm"
"22.05.2013";"Â";"38 %";"26 %";"13 %";"5 %";"8 %";"2 %";"2 %";"3 %";"3 %";"Â";"O â€¢ 2.009";"17.05.â€“20.05.";"insa";"http://www.wahlrecht.de/umfragen/insa.htm"
"17.05.2013";"Â";"37 %";"27 %";"14 %";"4 %";"8 %";"3 %";"2 %";"3 %";"2 %";"Â";"O â€¢ 1.023";"14.05.â€“15.05.";"insa";"http://www.wahlrecht.de/umfragen/insa.htm"
"13.05.2013";"Â";"37 %";"27 %";"15 %";"4 %";"7 %";"3 %";"1 %";"3 %";"3 %";"Â";"O â€¢ 2.015";"10.05.â€“13.05.";"insa";"http://www.wahlrecht.de/umfragen/insa.htm"
"07.05.2013";"Â";"37 %";"26 %";"15 %";"5 %";"7 %";"3 %";"1 %";"3 %";"3 %";"Â";"O â€¢ 2.044";"03.05.â€“06.05.";"insa";"http://www.wahlrecht.de/umfragen/insa.htm"
"29.04.2013";"Â";"38 %";"26 %";"16 %";"5 %";"7 %";"2 %";"1 %";"3 %";"2 %";"Â";"O â€¢ 2.000";"26.04.â€“29.04.";"insa";"http://www.wahlrecht.de/umfragen/insa.htm"
"22.04.2013";"Â";"38 %";"26 %";"15 %";"5 %";"6 %";"2 %";"1 %";"5 %";"2 %";"Â";"O â€¢ 2.030";"19.04.â€“22.04.";"insa";"http://www.wahlrecht.de/umfragen/insa.htm"
"21.04.2013";"Â";"39 %";"26 %";"14 %";"5 %";"6 %";"2 %";"1 %";"4 %";"3 %";"Â";"O â€¢ 1.030";"18.04.â€“19.04.";"insa";"http://www.wahlrecht.de/umfragen/insa.htm"
"16.04.2013";"Â";"39 %";"26 %";"15 %";"5 %";"6 %";"3 %";"1 %";"3 %";"2 %";"Â";"O â€¢ 2.018";"12.04.â€“15.04.";"insa";"http://www.wahlrecht.de/umfragen/insa.htm"
"09.04.2013";"Â";"39 %";"26 %";"16 %";"5 %";"7 %";"2 %";"2 %";"â€“";"3 %";"Â";"O â€¢ 2.018";"05.04.â€“08.04.";"insa";"http://www.wahlrecht.de/umfragen/insa.htm"
"25.03.2013";"Â";"39 %";"27 %";"14 %";"5 %";"8 %";"3 %";"1 %";"â€“";"3 %";"Â";"O â€¢ 2.006";"22.03.â€“25.03.";"insa";"http://www.wahlrecht.de/umfragen/insa.htm"
"22.03.2013";"Â";"40 %";"27 %";"15 %";"5 %";"7 %";"2 %";"1 %";"â€“";"3 %";"Â";"O â€¢ 2.011";"15.03.â€“18.03.";"insa";"http://www.wahlrecht.de/umfragen/insa.htm"
"12.03.2013";"Â";"40 %";"27 %";"16 %";"5 %";"6 %";"2 %";"2 %";"â€“";"2 %";"Â";"O â€¢ 2.022";"08.03.â€“11.03.";"insa";"http://www.wahlrecht.de/umfragen/insa.htm"
"04.03.2013";"Â";"41 %";"26 %";"15 %";"5 %";"7 %";"3 %";"1 %";"â€“";"2 %";"Â";"O â€¢ 2.006";"01.03.â€“04.03.";"insa";"http://www.wahlrecht.de/umfragen/insa.htm"
"26.02.2013";"Â";"40 %";"28 %";"15 %";"5 %";"7 %";"2 %";"1 %";"â€“";"2 %";"Â";"O â€¢ 2.028";"22.02.â€“25.02.";"insa";"http://www.wahlrecht.de/umfragen/insa.htm"
"19.02.2013";"Â";"40 %";"29 %";"15 %";"5 %";"6 %";"2 %";"1 %";"â€“";"2 %";"Â";"O â€¢ 2.023";"15.02.â€“18.02.";"insa";"http://www.wahlrecht.de/umfragen/insa.htm"
"12.02.2013";"Â";"39 %";"29 %";"15 %";"4 %";"6 %";"3 %";"1 %";"â€“";"3 %";"Â";"O â€¢ 2.011";"08.02.â€“11.02.";"insa";"http://www.wahlrecht.de/umfragen/insa.htm"
"04.02.2013";"Â";"40 %";"29 %";"15 %";"4 %";"6 %";"2 %";"2 %";"â€“";"2 %";"Â";"O â€¢ 2.017";"01.02.â€“04.02.";"insa";"http://www.wahlrecht.de/umfragen/insa.htm"
"29.01.2013";"Â";"40 %";"28 %";"15 %";"5 %";"6 %";"3 %";"1 %";"â€“";"2 %";"Â";"O â€¢ 2.012";"25.01.â€“28.01.";"insa";"http://www.wahlrecht.de/umfragen/insa.htm"
"22.01.2013";"Â";"41 %";"27 %";"14 %";"4 %";"7 %";"3 %";"1 %";"â€“";"3 %";"Â";"O â€¢ 1.997";"18.01.â€“21.01.";"insa";"http://www.wahlrecht.de/umfragen/insa.htm"
"15.01.2013";"Â";"39 %";"28 %";"15 %";"4 %";"7 %";"3 %";"2 %";"â€“";"2 %";"Â";"O â€¢ 2.023";"11.01.â€“14.01.";"insa";"http://www.wahlrecht.de/umfragen/insa.htm"
"07.01.2013";"Â";"39 %";"28 %";"14 %";"4 %";"7 %";"3 %";"2 %";"â€“";"3 %";"Â";"O â€¢ 2.026";"04.01.â€“07.01.";"insa";"http://www.wahlrecht.de/umfragen/insa.htm"
"18.12.2012";"Â";"36 %";"29 %";"13 %";"5 %";"7 %";"4 %";"2 %";"â€“";"4 %";"Â";"O â€¢ 2.012";"14.12.â€“17.12.";"insa";"http://www.wahlrecht.de/umfragen/insa.htm"
"11.12.2012";"Â";"37 %";"29 %";"14 %";"4 %";"7 %";"3 %";"2 %";"â€“";"4 %";"Â";"O â€¢ 2.020";"07.12.â€“10.12.";"insa";"http://www.wahlrecht.de/umfragen/insa.htm"
"04.12.2012";"Â";"35 %";"29 %";"15 %";"5 %";"7 %";"4 %";"2 %";"â€“";"3 %";"Â";"O â€¢ 2.022";"30.11.â€“02.12.";"insa";"http://www.wahlrecht.de/umfragen/insa.htm"
"27.11.2012";"Â";"36 %";"29 %";"15 %";"4 %";"7 %";"4 %";"2 %";"â€“";"3 %";"Â";"O â€¢ 2.041";"23.11.â€“26.11.";"insa";"http://www.wahlrecht.de/umfragen/insa.htm"
"19.11.2012";"Â";"38 %";"29 %";"14 %";"4 %";"7 %";"4 %";"2 %";"â€“";"2 %";"Â";"O â€¢ 2.019";"16.11.â€“19.11.";"insa";"http://www.wahlrecht.de/umfragen/insa.htm"
"13.11.2012";"Â";"38 %";"30 %";"14 %";"5 %";"6 %";"4 %";"1 %";"â€“";"2 %";"Â";"O â€¢ 2.023";"09.11.â€“12.11.";"insa";"http://www.wahlrecht.de/umfragen/insa.htm"
"06.11.2012";"Â";"38 %";"30 %";"14 %";"4 %";"6 %";"3 %";"2 %";"â€“";"3 %";"Â";"O â€¢ 2.003";"02.11.â€“05.11.";"insa";"http://www.wahlrecht.de/umfragen/insa.htm"
"30.10.2012";"Â";"37 %";"30 %";"13 %";"4 %";"7 %";"4 %";"2 %";"â€“";"3 %";"Â";"O â€¢ 2.034";"26.10.â€“29.10.";"insa";"http://www.wahlrecht.de/umfragen/insa.htm"
"23.10.2012";"Â";"35 %";"32 %";"13 %";"4 %";"7 %";"4 %";"2 %";"â€“";"3 %";"Â";"O â€¢ 2.019";"19.10.â€“22.10.";"insa";"http://www.wahlrecht.de/umfragen/insa.htm"
"15.10.2012";"Â";"36 %";"31 %";"12 %";"4 %";"7 %";"4 %";"2 %";"â€“";"4 %";"Â";"O â€¢ 2.013";"12.10.â€“15.10.";"insa";"http://www.wahlrecht.de/umfragen/insa.htm"
"09.10.2012";"Â";"36 %";"30 %";"11 %";"5 %";"7 %";"5 %";"2 %";"â€“";"4 %";"Â";"O â€¢ 2.006";"05.10.â€“08.10.";"insa";"http://www.wahlrecht.de/umfragen/insa.htm"
"02.10.2012";"Â";"36 %";"29 %";"13 %";"4 %";"7 %";"5 %";"2 %";"â€“";"4 %";"Â";"O â€¢ 2.008";"28.09.â€“01.10.";"insa";"http://www.wahlrecht.de/umfragen/insa.htm"
"25.09.2012";"Â";"36 %";"30 %";"14 %";"5 %";"6 %";"5 %";"1 %";"â€“";"3 %";"Â";"O â€¢ 2.030";"21.09.â€“24.09.";"insa";"http://www.wahlrecht.de/umfragen/insa.htm"
"20.09.2012";"Â";"36 %";"29 %";"13 %";"4 %";"7 %";"6 %";"1 %";"â€“";"4 %";"Â";"O â€¢ 2.039";"14.09.â€“17.09.";"insa";"http://www.wahlrecht.de/umfragen/insa.htm"
"11.09.2012";"Â";"37 %";"28 %";"14 %";"4 %";"6 %";"6 %";"2 %";"â€“";"3 %";"Â";"O â€¢ 2.029";"07.09.â€“10.09.";"insa";"http://www.wahlrecht.de/umfragen/insa.htm"
"04.09.2012";"Â";"36 %";"29 %";"14 %";"4 %";"6 %";"6 %";"2 %";"â€“";"3 %";"Â";"O â€¢ 2.014";"31.08.â€“03.09.";"insa";"http://www.wahlrecht.de/umfragen/insa.htm"
"28.08.2012";"Â";"35 %";"29 %";"15 %";"4 %";"6 %";"6 %";"2 %";"â€“";"3 %";"Â";"O â€¢ 2.020";"24.08.â€“27.08.";"insa";"http://www.wahlrecht.de/umfragen/insa.htm"
"21.08.2012";"Â";"36 %";"28 %";"15 %";"4 %";"6 %";"7 %";"1 %";"â€“";"3 %";"Â";"O â€¢ 2.034";"17.08.â€“20.08.";"insa";"http://www.wahlrecht.de/umfragen/insa.htm"
"14.08.2012";"Â";"35 %";"30 %";"14 %";"4 %";"6 %";"6 %";"2 %";"â€“";"3 %";"Â";"O â€¢ 2.031";"10.08.â€“13.08.";"insa";"http://www.wahlrecht.de/umfragen/insa.htm"
"07.08.2012";"Â";"36 %";"30 %";"13 %";"5 %";"6 %";"6 %";"2 %";"â€“";"2 %";"Â";"O â€¢ 2.046";"03.08.â€“06.08.";"insa";"http://www.wahlrecht.de/umfragen/insa.htm"
"02.08.2012";"Â";"35 %";"31 %";"15 %";"4 %";"6 %";"6 %";"1 %";"â€“";"2 %";"Â";"O â€¢ 2.020";"27.07.â€“30.07.";"insa";"http://www.wahlrecht.de/umfragen/insa.htm"
"24.07.2012";"Â";"35 %";"30 %";"15 %";"5 %";"6 %";"6 %";"1 %";"â€“";"2 %";"Â";"O â€¢ 2.037";"20.07.â€“23.07.";"insa";"http://www.wahlrecht.de/umfragen/insa.htm"
"17.07.2012";"Â";"36 %";"29 %";"14 %";"4 %";"6 %";"7 %";"2 %";"â€“";"2 %";"Â";"O â€¢ 2.020";"13.07.â€“16.07.";"insa";"http://www.wahlrecht.de/umfragen/insa.htm"
"10.07.2012";"Â";"35 %";"28 %";"14 %";"4 %";"6 %";"8 %";"2 %";"â€“";"?";"Â";"O â€¢ 2.041";"06.07.â€“09.07.";"insa";"http://www.wahlrecht.de/umfragen/insa.htm"
"03.07.2012";"Â";"35 %";"29 %";"14 %";"4 %";"5 %";"8 %";"2 %";"â€“";"3 %";"Â";"O â€¢ 2.021";"29.06.â€“02.07.";"insa";"http://www.wahlrecht.de/umfragen/insa.htm"
"25.06.2012";"Â";"34 %";"31 %";"14 %";"5 %";"6 %";"7 %";"â€“";"â€“";"4 %";"Â";"O â€¢ 1.987";"22.06.â€“25.06.";"insa";"http://www.wahlrecht.de/umfragen/insa.htm"
"19.06.2012";"Â";"35 %";"31 %";"14 %";"5 %";"5 %";"7 %";"â€“";"â€“";"3 %";"Â";"O â€¢ 2.023";"15.06.â€“18.06.";"insa";"http://www.wahlrecht.de/umfragen/insa.htm"
"12.06.2012";"Â";"35 %";"31 %";"13 %";"5 %";"5 %";"7 %";"â€“";"â€“";"4 %";"Â";"O â€¢ 1.999";"08.06.â€“11.06.";"insa";"http://www.wahlrecht.de/umfragen/insa.htm"
"05.06.2012";"Â";"34 %";"32 %";"14 %";"5 %";"4 %";"7 %";"â€“";"â€“";"4 %";"Â";"O â€¢ 2.019";"01.06.â€“04.06.";"insa";"http://www.wahlrecht.de/umfragen/insa.htm"
"29.05.2012";"Â";"33 %";"31 %";"14 %";"5 %";"5 %";"8 %";"â€“";"â€“";"4 %";"Â";"O â€¢ 2.027";"25.05.â€“28.05.";"insa";"http://www.wahlrecht.de/umfragen/insa.htm"
"22.05.2012";"Â";"33 %";"32 %";"14 %";"4 %";"6 %";"8 %";"â€“";"â€“";"3 %";"Â";"O â€¢ 2.013";"18.05.â€“21.05.";"insa";"http://www.wahlrecht.de/umfragen/insa.htm"
"15.05.2012";"Â";"34 %";"29 %";"14 %";"5 %";"6 %";"9 %";"â€“";"â€“";"3 %";"Â";"O â€¢ 2.031";"11.05.â€“14.05.";"insa";"http://www.wahlrecht.de/umfragen/insa.htm"
"09.05.2012";"Â";"35 %";"27 %";"15 %";"5 %";"6 %";"8 %";"â€“";"â€“";"4 %";"Â";"O â€¢ 2.015";"04.05.â€“07.05.";"insa";"http://www.wahlrecht.de/umfragen/insa.htm"
"01.05.2012";"Â";"36 %";"27 %";"13 %";"4 %";"7 %";"9 %";"â€“";"â€“";"4 %";"Â";"O â€¢ 2.098";"27.04.â€“30.04.";"insa";"http://www.wahlrecht.de/umfragen/insa.htm"
"23.04.2012";"Â";"35 %";"26 %";"15 %";"4 %";"6 %";"10 %";"â€“";"â€“";"4 %";"Â";"O â€¢ 2.097";"20.04.â€“23.04.";"insa";"http://www.wahlrecht.de/umfragen/insa.htm"
"16.04.2012";"Â";"36 %";"27 %";"13 %";"4 %";"7 %";"9 %";"â€“";"â€“";"4 %";"Â";"O â€¢ 2.075";"13.04.â€“16.04.";"insa";"http://www.wahlrecht.de/umfragen/insa.htm"
"11.04.2012";"Â";"35 %";"28 %";"13 %";"4 %";"7 %";"9 %";"â€“";"â€“";"4 %";"Â";"O â€¢ 2.100";"06.04.â€“09.04.";"insa";"http://www.wahlrecht.de/umfragen/insa.htm"
"03.04.2012";"Â";"36 %";"29 %";"14 %";"4 %";"6 %";"8 %";"â€“";"â€“";"3 %";"Â";"O â€¢ 2.085";"30.03.â€“02.04.";"insa";"http://www.wahlrecht.de/umfragen/insa.htm"
"27.03.2012";"Â";"36 %";"29 %";"15 %";"4 %";"7 %";"6 %";"â€“";"â€“";"3 %";"Â";"O â€¢ 2.099";"23.03.â€“26.03.";"insa";"http://www.wahlrecht.de/umfragen/insa.htm"
"27.09.2009";"Â";"33,8 %";"23,0 %";"10,7 %";"14,6 %";"11,9 %";"2,0 %";"â€“";"â€“";"4,0 %";"Â";"Bundestagswahl";"Bundestagswahl";"insa";"http://www.wahlrecht.de/umfragen/insa.htm"
