"Institut(Datum)";"Auftrag-geber";"BefragteZeitraum";"";"CDU";"SPD";"GRÜNE";"FDP";"LINKE";"Sonstige"
"LINKE: Zahlen für die am 16. Juni 2007 gegründete Partei DIE LINKE, vor diesem Zeitpunkt die Zahlen für Die Linke.PDS";"LINKE: Zahlen für die am 16. Juni 2007 gegründete Partei DIE LINKE, vor diesem Zeitpunkt die Zahlen für Die Linke.PDS";"LINKE: Zahlen für die am 16. Juni 2007 gegründete Partei DIE LINKE, vor diesem Zeitpunkt die Zahlen für Die Linke.PDS";"LINKE: Zahlen für die am 16. Juni 2007 gegründete Partei DIE LINKE, vor diesem Zeitpunkt die Zahlen für Die Linke.PDS";"LINKE: Zahlen für die am 16. Juni 2007 gegründete Partei DIE LINKE, vor diesem Zeitpunkt die Zahlen für Die Linke.PDS";"LINKE: Zahlen für die am 16. Juni 2007 gegründete Partei DIE LINKE, vor diesem Zeitpunkt die Zahlen für Die Linke.PDS";"LINKE: Zahlen für die am 16. Juni 2007 gegründete Partei DIE LINKE, vor diesem Zeitpunkt die Zahlen für Die Linke.PDS";"LINKE: Zahlen für die am 16. Juni 2007 gegründete Partei DIE LINKE, vor diesem Zeitpunkt die Zahlen für Die Linke.PDS";"LINKE: Zahlen für die am 16. Juni 2007 gegründete Partei DIE LINKE, vor diesem Zeitpunkt die Zahlen für Die Linke.PDS";"LINKE: Zahlen für die am 16. Juni 2007 gegründete Partei DIE LINKE, vor diesem Zeitpunkt die Zahlen für Die Linke.PDS"
"– Als Umfragewert: nicht ausgewiesen; als Wahlergebnis: nicht teilgenommen
 * Die Linke.PDS und WASG";"– Als Umfragewert: nicht ausgewiesen; als Wahlergebnis: nicht teilgenommen
 * Die Linke.PDS und WASG";"– Als Umfragewert: nicht ausgewiesen; als Wahlergebnis: nicht teilgenommen
 * Die Linke.PDS und WASG";"– Als Umfragewert: nicht ausgewiesen; als Wahlergebnis: nicht teilgenommen
 * Die Linke.PDS und WASG";"– Als Umfragewert: nicht ausgewiesen; als Wahlergebnis: nicht teilgenommen
 * Die Linke.PDS und WASG";"– Als Umfragewert: nicht ausgewiesen; als Wahlergebnis: nicht teilgenommen
 * Die Linke.PDS und WASG";"– Als Umfragewert: nicht ausgewiesen; als Wahlergebnis: nicht teilgenommen
 * Die Linke.PDS und WASG";"– Als Umfragewert: nicht ausgewiesen; als Wahlergebnis: nicht teilgenommen
 * Die Linke.PDS und WASG";"– Als Umfragewert: nicht ausgewiesen; als Wahlergebnis: nicht teilgenommen
 * Die Linke.PDS und WASG";"– Als Umfragewert: nicht ausgewiesen; als Wahlergebnis: nicht teilgenommen
 * Die Linke.PDS und WASG"
"T: Telefon – telefonische Befragung von zufällig ausgewählten Personen (CATI – Computer Assisted Telephone Interview)O: Online-Panel – internetbasierte Befragung von gezielt ausgewählten Mitgliedern einer Personengruppe (Befragten-Pool)F: Face to face – persönlich-mündliche Befragung von zufällig ausgewählten Personen";"T: Telefon – telefonische Befragung von zufällig ausgewählten Personen (CATI – Computer Assisted Telephone Interview)O: Online-Panel – internetbasierte Befragung von gezielt ausgewählten Mitgliedern einer Personengruppe (Befragten-Pool)F: Face to face – persönlich-mündliche Befragung von zufällig ausgewählten Personen";"T: Telefon – telefonische Befragung von zufällig ausgewählten Personen (CATI – Computer Assisted Telephone Interview)O: Online-Panel – internetbasierte Befragung von gezielt ausgewählten Mitgliedern einer Personengruppe (Befragten-Pool)F: Face to face – persönlich-mündliche Befragung von zufällig ausgewählten Personen";"T: Telefon – telefonische Befragung von zufällig ausgewählten Personen (CATI – Computer Assisted Telephone Interview)O: Online-Panel – internetbasierte Befragung von gezielt ausgewählten Mitgliedern einer Personengruppe (Befragten-Pool)F: Face to face – persönlich-mündliche Befragung von zufällig ausgewählten Personen";"T: Telefon – telefonische Befragung von zufällig ausgewählten Personen (CATI – Computer Assisted Telephone Interview)O: Online-Panel – internetbasierte Befragung von gezielt ausgewählten Mitgliedern einer Personengruppe (Befragten-Pool)F: Face to face – persönlich-mündliche Befragung von zufällig ausgewählten Personen";"T: Telefon – telefonische Befragung von zufällig ausgewählten Personen (CATI – Computer Assisted Telephone Interview)O: Online-Panel – internetbasierte Befragung von gezielt ausgewählten Mitgliedern einer Personengruppe (Befragten-Pool)F: Face to face – persönlich-mündliche Befragung von zufällig ausgewählten Personen";"T: Telefon – telefonische Befragung von zufällig ausgewählten Personen (CATI – Computer Assisted Telephone Interview)O: Online-Panel – internetbasierte Befragung von gezielt ausgewählten Mitgliedern einer Personengruppe (Befragten-Pool)F: Face to face – persönlich-mündliche Befragung von zufällig ausgewählten Personen";"T: Telefon – telefonische Befragung von zufällig ausgewählten Personen (CATI – Computer Assisted Telephone Interview)O: Online-Panel – internetbasierte Befragung von gezielt ausgewählten Mitgliedern einer Personengruppe (Befragten-Pool)F: Face to face – persönlich-mündliche Befragung von zufällig ausgewählten Personen";"T: Telefon – telefonische Befragung von zufällig ausgewählten Personen (CATI – Computer Assisted Telephone Interview)O: Online-Panel – internetbasierte Befragung von gezielt ausgewählten Mitgliedern einer Personengruppe (Befragten-Pool)F: Face to face – persönlich-mündliche Befragung von zufällig ausgewählten Personen";"T: Telefon – telefonische Befragung von zufällig ausgewählten Personen (CATI – Computer Assisted Telephone Interview)O: Online-Panel – internetbasierte Befragung von gezielt ausgewählten Mitgliedern einer Personengruppe (Befragten-Pool)F: Face to face – persönlich-mündliche Befragung von zufällig ausgewählten Personen"
"";"";"";"";"";"";"";"";"";""
"Baden-Württemberg (Bundestagswahl)";"Baden-Württemberg (Bundestagswahl)";"Baden-Württemberg (Bundestagswahl)";"Baden-Württemberg (Bundestagswahl)";"Baden-Württemberg (Bundestagswahl)";"Baden-Württemberg (Bundestagswahl)";"Baden-Württemberg (Bundestagswahl)";"Baden-Württemberg (Bundestagswahl)";"Baden-Württemberg (Bundestagswahl)";"Baden-Württemberg (Bundestagswahl)"
"Institut(Datum)";"Auftrag-geber";"BefragteZeitraum";"";"CDU";"SPD";"GRÜNE";"FDP";"LINKE";"Sonstige"
"Infratestdimap(07.09.17)";"SWR, StuttgarterZeitung";"1.00231.08.–05.09.";"";"42 %";"17 %";"12 %";"9 %";"6 %";"AfD 11 %Sonst. 3 %"
"Infratestdimap(06.07.17)";"SWR, StuttgarterZeitung";"1.00230.06.–04.07.";"";"43 %";"19 %";"14 %";"9 %";"4 %";"AfD 8 %Sonst. 3 %"
"Forsa(15.12.15)";"stern";"1.06402.12.–11.12.";"";"43 %";"18 %";"14 %";"6 %";"6 %";"AfD 9 %Sonst. 4 %"
"Forsa(12.05.15";"stern";"1.01023.04.–07.05.";"";"46 %";"18 %";"13 %";"6 %";"5 %";"AfD 6 %Sonst. 6 %"
"Bundestagswahl am 22.09.2013";"Bundestagswahl am 22.09.2013";"Bundestagswahl am 22.09.2013";"";"45,7 %";"20,6 %";"11,0 %";"6,2 %";"4,8 %";"AfD 5,2 %PIRATEN 2,3 %Sonst. 4,2 %"
"Infratestdimap(16.05.13)";"SWR, StuttgarterZeitung";"1.00513.05.-15.05.";"";"45 %";"22 %";"19 %";"4 %";"2 %";"AfD 3 %Sonst. 5 %"
"Bundestagswahl am 27.09.2009";"Bundestagswahl am 27.09.2009";"Bundestagswahl am 27.09.2009";"";"34,4 %";"19,3 %";"13,9 %";"18,8 %";"7,2 %";"6,4 %"
"Infratestdimap(16.09.09)";"SüdwestPresse, SWR";"1.00014.09.–15.09.";"";"34 %";"22 %";"15 %";"18 %";"7 %";"4 %"
"Infratestdimap(03.03.09)";"SWR";"1.00026.02.–01.03.";"";"35 %";"24 %";"15 %";"17 %";"6 %";"3 %"
"Forsa(26.07.07)";"n-tv";"1.03402.07.–24.07.";"";"40 %";"20 %";"13 %";"13 %";"8 %";"6 %"
"Forsa(21.12.06)";"n-tv";"1.22020.11.–15.12.";"";"35 %";"23 %";"15 %";"16 %";"5 %";"6 %"
"Forsa(06.07.06)";"n-tv";"1.40312.06.–04.07.";"";"37 %";"23 %";"12 %";"17 %";"5 %";"6 %"
"Bundestagswahl am 18.09.2005";"Bundestagswahl am 18.09.2005";"Bundestagswahl am 18.09.2005";"";"39,2 %";"30,1 %";"10,7 %";"11,9 %";"3,8 %";"4,3 %"
"";"";"";"";"";"";"";"";"";""
"Bayern (Bundestagswahl)";"Bayern (Bundestagswahl)";"Bayern (Bundestagswahl)";"Bayern (Bundestagswahl)";"Bayern (Bundestagswahl)";"Bayern (Bundestagswahl)";"Bayern (Bundestagswahl)";"Bayern (Bundestagswahl)";"Bayern (Bundestagswahl)";"Bayern (Bundestagswahl)"
"Institut(Datum)";"Auftrag-geber";"BefragteZeitraum";"";"CSU";"SPD";"GRÜNE";"FDP";"LINKE";"Sonstige"
"GMS(21.09.17)";"Sat.1Bayern";"1.00514.09.–20.09.";"";"47 %";"18 %";"7 %";"8 %";"4 %";"AfD 9 %FW 2 %Sonst. 5 %"
"GMS(07.09.17)";"Sat.1Bayern";"1.01131.08.–06.09.";"";"48 %";"19 %";"7 %";"9 %";"3 %";"AfD 8 %FW 2 %Sonst. 4 %"
"Infratestdimap(06.09.17)";"BayerischerRundfunk";"1.00030.08.–04.09.";"";"47 %";"17 %";"9 %";"7 %";"5 %";"AfD 8 %Sonst. 7 %"
"GMS(16.08.17)";"Sat.1Bayern";"1.01108.08.–15.08.";"";"48 %";"19 %";"8 %";"9 %";"3 %";"AfD 6 %FW 3 %Sonst. 4 %"
"GMS(06.07.17)";"Sat.1Bayern";"1.00929.06.–05.07.";"";"49 %";"20 %";"8 %";"7 %";"3 %";"AfD 7 %FW 2 %Sonst. 4 %"
"GMS(01.06.17)";"Sat.1Bayern";"1.00826.05.–31.05.";"";"47 %";"20 %";"7 %";"8 %";"4 %";"AfD 8 %FW 2 %Sonst. 4 %"
"Infratestdimap(31.05.17)";"BayerischerRundfunk";"1.00023.05.–29.05.";"";"48 %";"18 %";"8 %";"10 %";"4 %";"AfD 7 %Sonst. 5 %"
"GMS(04.05.17)";"Sat.1Bayern";"1.00430.04.–03.05.";"";"44 %";"23 %";"7 %";"6 %";"4 %";"AfD 9 %FW 2 %Sonst. 5 %"
"GMS(23.03.17)";"Sat.1Bayern";"1.02816.03.–22.03.";"";"45 %";"22 %";"8 %";"6 %";"4 %";"AfD 9 %FW 3 %Sonst. 3 %"
"GMS(09.02.17)";"Sat.1Bayern";"1.03002.02.–08.02.";"";"44 %";"20 %";"10 %";"6 %";"4 %";"AfD 10 %FW 3 %Sonst. 3 %"
"Kantar Public(03.02.17)";"SPD-LVBayern";"1.00130.01.–01.02.";"";"42 %";"22 %";"9 %";"6 %";"4 %";"AfD 12 %Sonst. 5 %"
"GMS(04.01.17)";"Sat.1Bayern";"1.00828.12.–03.01.";"";"46 %";"17 %";"10 %";"6 %";"4 %";"AfD 10 %FW 3 %Sonst. 4 %"
"Forsa(20.07.16)";"stern";"1.00304.07.–15.07.";"";"44 %";"16 %";"13 %";"6 %";"5 %";"AfD 9 %Sonst. 7 %"
"Forsa(08.06.16)";"stern";"1.01023.05.–03.06.";"";"41 %";"15 %";"13 %";"6 %";"6 %";"AfD 12 %Sonst. 7 %"
"GMS(04.01.16)";"Sat.1Bayern";"1.01928.12.–03.01.";"";"45 %";"20 %";"11 %";"4 %";"3 %";"AfD 9 %FW 3 %Sonst. 5 %"
"Forsa(07.10.15)";"stern";"1.00723.09.–02.10.";"";"44 %";"18 %";"10 %";"5 %";"5 %";"AfD 9 %Sonst. 9 %"
"Forsa(08.04.15)";"stern";"1.26619.03.–31.03.";"";"50 %";"18 %";"10 %";"5 %";"4 %";"AfD 6 %Sonst. 7 %"
"GMS(03.12.14)";"?(Quelle: PNP)";"2.000??.11.-??.11.";"";"50 %";"20 %";"9 %";"3 %";"4 %";"AfD 6 %FW 2 %Sonst. ?"
"Bundestagswahl am 22.09.2013";"Bundestagswahl am 22.09.2013";"Bundestagswahl am 22.09.2013";"";"49,3 %";"20,0 %";"8,4 %";"5,1 %";"3,8 %";"AfD 4,3 %FW 2,7 %Sonst. 6,4 %"
"GMS(19.09.13)";"Sat.1Bayern";"1.00917.09.-18.09.";"";"47 %";"22 %";"8 %";"5 %";"2 %";"AfD 4 %FW 3 %PIRATEN 2 %Sonst. 7 %"
"Emnid(28.08.13)";"CSU";"1.00023.08.-24.08.";"";"49 %";"18 %";"13 %";"5 %";"?";"?"
"GMS(11.07.13)";"Sat.1Bayern";"1.00708.07.-10.07.";"";"49 %";"19 %";"14 %";"4 %";"3 %";"FW 3 %PIRATEN 2 %AfD 2 %Sonst. 4 %"
"Emnid(10.07.13)";"CSU";"1.00004.07.-06.07.";"";"48 %";"19 %";"13 %";"5 %";"3 %";"PIRATEN 4 %AfD 1 %Sonst. 7 %"
"Forsa(28.05.13)";"stern";"1.10208.05.-23.05.";"";"49 %";"18 %";"14 %";"4 %";"3 %";"PIRATEN 3 %AfD 3 %Sonst. 6 %"
"GMS(06.03.13)";"vbw";"1.00404.02.-15.02.";"";"49 %";"21 %";"14 %";"4 %";"3 %";"PIRATEN 3 %FW 2 %Sonst. ?"
"Forsa(10.01.13)";"stern";"1.11917.12.-08.01.";"";"49 %";"19 %";"14 %";"3 %";"5 %";"PIRATEN 3 %Sonst. 7 %"
"Allensbach(08.01.13)";"Allensbach";"?01.07.-13.12.";"";"41 %";"24 %";"13 %";"4 %";"3 %";"PIRATEN 4 %Sonst. ?"
"GMS(10.06.11)";"Sat.1";"1.00206.06.-08.06.";"";"42 %";"21 %";"21 %";"5 %";"4 %";"7 %"
"Emnid(10.06.11)";"CSU";"1.00006.06.-08.06.";"";"43 %";"19 %";"24 %";"4 %";"4 %";"6 %"
"Forsa(15.09.10)";"stern, RTL";"˜800??.??.–??.09.";"";"38 %";"19 %";"23 %";"4 %";"7 %";"?"
"Bundestagswahl am 27.09.2009";"Bundestagswahl am 27.09.2009";"Bundestagswahl am 27.09.2009";"";"42,5 %";"16,8 %";"10,8 %";"14,7 %";"6,5 %";"NPD 1,3 %Sonst. 7,4 %"
"GMS(17.09.09)";"Sat.1";"1.00315.09.–16.09.";"";"46 %";"17 %";"12 %";"14 %";"5 %";"6 %"
"GMS(15.07.09)";"Sat.1";"1.00313.07.–14.07.";"";"46 %";"19 %";"11 %";"14 %";"4 %";"6 %"
"GMS(07.01.09)";"Sat.1";"1.00204.01.–05.01.";"";"48 %";"21 %";"11 %";"10 %";"5 %";"5 %"
"GMS(07.04.08)";"Sat.1";"1.51231.03.–06.04.";"";"51 %";"23 %";"9 %";"9 %";"5 %";"3 %"
"GMS(04.01.08)";"Sat.1";"1.00402.01.–03.01.";"";"53 %";"20 %";"8 %";"8 %";"5 %";"Rechte 1 %Sonst. 5 %"
"Forsa(29.11.07)";"n-tv, Abend-zeitung";"1.00205.11.–27.11.";"";"49 %";"19 %";"10 %";"9 %";"6 %";"7 %"
"Forsa(22.09.07)";"n-tv, Abend-zeitung";"1.00329.08.–17.09.";"";"52 %";"17 %";"10 %";"9 %";"6 %";"6 %"
"Forsa(02.08.07)";"n-tv, Abend-zeitung";"1.00218.07.–30.07.";"";"52 %";"15 %";"11 %";"10 %";"6 %";"6 %"
"Forsa(10.05.07)";"n-tv, Abend-zeitung";"1.03625.04.–08.05.";"";"49 %";"17 %";"11 %";"13 %";"–";"10 %"
"Forsa(04.01.07)";"n-tv";"1.00927.12.–29.12.";"";"43 %";"19 %";"11 %";"14 %";"6 %";"7 %"
"GMS(28.12.06)";"Sat.1";"1.00618.12.–23.12.";"";"44 %";"20 %";"10 %";"15 %";"4 %";"Rechte 3 %Sonst. 4 %"
"Forsa(06.12.06)";"n-tv, Abend-zeitung";"1.02624.11.–05.12.";"";"43 %";"20 %";"11 %";"15 %";"5 %";"6 %"
"Forsa(09.11.06)";"n-tv, Abend-zeitung";"1.00423.10.–07.11.";"";"40 %";"21 %";"12 %";"16 %";"4 %";"7 %"
"GMS(12.10.06)";"Sat.1";"1.00206.10.–08.10.";"";"47 %";"25 %";"9 %";"11 %";"3 %";"5 %"
"Forsa(05.10.06)";"n-tv, Abend-zeitung";"1.00618.09.–04.10.";"";"41 %";"21 %";"11 %";"16 %";"5 %";"6 %"
"Infratestdimap(04.10.06)";"BayerischerRundfunk";"1.00028.09.–01.10.";"";"48 %";"26 %";"9 %";"11 %";"1 %";"5 %"
"Forsa(07.09.06)";"n-tv, Abend-zeitung";"1.00529.08.–05.09.";"";"43 %";"20 %";"11 %";"15 %";"5 %";"6 %"
"Forsa(13.07.06)";"n-tv, Abend-zeitung";"1.00403.07.–12.07.";"";"46 %";"20 %";"9 %";"14 %";"5 %";"6 %"
"Bundestagswahl am 18.09.2005";"Bundestagswahl am 18.09.2005";"Bundestagswahl am 18.09.2005";"";"49,2 %";"25,5 %";"7,9 %";"9,5 %";"3,4 %";"4,5 %"
"";"";"";"";"";"";"";"";"";""
"Berlin (Bundestagswahl)";"Berlin (Bundestagswahl)";"Berlin (Bundestagswahl)";"Berlin (Bundestagswahl)";"Berlin (Bundestagswahl)";"Berlin (Bundestagswahl)";"Berlin (Bundestagswahl)";"Berlin (Bundestagswahl)";"Berlin (Bundestagswahl)";"Berlin (Bundestagswahl)"
"Institut(Datum)";"Auftrag-geber";"BefragteZeitraum";"";"CDU";"SPD";"GRÜNE";"FDP";"LINKE";"Sonstige"
"Infratestdimap12.09.2017";"RBB, BerlinerMorgenpost";"1.00006.09.–09.09.";"";"26 %";"19 %";"11 %";"7 %";"18 %";"AfD 12 %Sonst. 7 %"
"Forsa03.09.2017";"BerlinerZeitung";"1.00522.08.–30.08.";"";"26 %";"23 %";"10 %";"11 %";"16 %";"AfD 9 %Sonst. 5 %"
"Forsa01.08.2017";"BerlinerZeitung";"1.00718.07.–27.07.";"";"31 %";"22 %";"11 %";"7 %";"16 %";"AfD 7 %Sonst. 6 %"
"Forsa06.07.2017";"BerlinerZeitung";"1.00322.06.–29.06.";"";"30 %";"22 %";"11 %";"8 %";"16 %";"AfD 7 %Sonst. 6 %"
"Forsa30.05.2017";"BerlinerZeitung";"1.00116.05.–24.05.";"";"29 %";"24 %";"10 %";"8 %";"15 %";"AfD 7 %Sonst. 7 %"
"Infratestdimap23.05.2017";"RBB, BerlinerMorgenpost";"1.00017.05.–20.05.";"";"29 %";"22 %";"11 %";"8 %";"16 %";"AfD 10 %Sonst. 4 %"
"Forsa03.05.2017";"BerlinerZeitung";"1.00219.04.–27.04.";"";"25 %";"28 %";"9 %";"6 %";"16 %";"AfD 8 %Sonst. 8 %"
"Forsa03.04.2017";"BerlinerZeitung";"1.00520.03.–30.03.";"";"25 %";"28 %";"10 %";"6 %";"15 %";"AfD 8 %Sonst. 8 %"
"Forsa27.02.2017";"BerlinerZeitung";"1.00413.02.–23.02.";"";"21 %";"30 %";"10 %";"6 %";"15 %";"AfD 10 %Sonst. 8 %"
"Forsa30.01.2017";"BerlinerZeitung";"1.00816.01.–26.01.";"";"26 %";"20 %";"14 %";"6 %";"15 %";"AfD 13 %Sonst. 6 %"
"Forsa02.01.2017";"BerlinerZeitung";"1.00312.12.–23.12.";"";"25 %";"21 %";"14 %";"5 %";"16 %";"AfD 14 %Sonst. 5 %"
"Forsa27.11.2016";"BerlinerZeitung";"1.00114.11.–24.11.";"";"25 %";"21 %";"14 %";"5 %";"16 %";"AfD 14 %Sonst. 5 %"
"Forsa30.10.2016";"BerlinerZeitung";"1.00219.10.–27.10.";"";"24 %";"21 %";"15 %";"5 %";"17 %";"AfD 12 %Sonst. 6 %"
"Forsa31.07.2016";"BerlinerZeitung";"1.00218.07.–28.07.";"";"24 %";"21 %";"17 %";"6 %";"17 %";"AfD 9 %Sonst. 6 %"
"Forsa04.07.2016";"BerlinerZeitung";"1.00120.06.–30.06.";"";"24 %";"21 %";"16 %";"7 %";"17 %";"AfD 9 %Sonst. 6 %"
"Forsa27.05.2016";"BerlinerZeitung";"1.00317.05.–25.05.";"";"23 %";"20 %";"17 %";"7 %";"18 %";"AfD 9 %Sonst. 6 %"
"Forsa29.04.2016";"BerlinerZeitung";"1.00218.04.–28.04.";"";"24 %";"21 %";"16 %";"7 %";"19 %";"AfD 8 %Sonst. 5 %"
"Forsa29.03.2016";"BerlinerZeitung";"1.00114.03.–23.03.";"";"25 %";"19 %";"15 %";"7 %";"18 %";"AfD 11 %Sonst. 5 %"
"Forsa02.03.2016";"BerlinerZeitung";"1.00315.02.–25.02.";"";"26 %";"23 %";"13 %";"5 %";"17 %";"AfD 9 %Sonst. 7 %"
"Forsa02.02.2016";"BerlinerZeitung";"1.00218.01.–28.01.";"";"25 %";"23 %";"14 %";"4 %";"18 %";"AfD 10 %Sonst. 6 %"
"Forsa21.12.2015";"BerlinerZeitung";"1.00507.12.–17.12.";"";"29 %";"21 %";"12 %";"4 %";"19 %";"AfD 8 %Sonst. 7 %"
"Forsa30.11.2015";"BerlinerZeitung";"1.00116.11.–26.11.";"";"29 %";"22 %";"14 %";"4 %";"19 %";"AfD 6 %Sonst. 6 %"
"Forsa02.11.2015";"BerlinerZeitung";"1.00319.10.–29.10.";"";"27 %";"24 %";"12 %";"5 %";"21 %";"AfD 6 %Sonst. 5 %"
"Forsa30.09.2015";"BerlinerZeitung";"1.00114.09.–24.09.";"";"29 %";"24 %";"14 %";"4 %";"19 %";"AfD 4 %Sonst. 6 %"
"Forsa01.09.2015";"BerlinerZeitung";"˜1.000??.08.–??.08.";"";"28 %";"24 %";"14 %";"4 %";"20 %";"AfD 3 %Sonst. 7 %"
"Forsa05.08.2015";"BerlinerZeitung";"˜1.000??.07.–??.07.";"";"30 %";"24 %";"13 %";"4 %";"20 %";"AfD 3 %Sonst. 6 %"
"Forsa29.06.2015";"BerlinerZeitung";"1.00115.06.–24.06.";"";"28 %";"23 %";"14 %";"5 %";"20 %";"AfD 4 %Sonst. 6 %"
"Forsa05.06.2015";"BerlinerZeitung";"1.00522.05.–28.05.";"";"28 %";"23 %";"14 %";"6 %";"19 %";"AfD 4 %Sonst. 6 %"
"Forsa04.05.2015";"BerlinerZeitung";"1.00517.04.–29.04.";"";"30 %";"23 %";"14 %";"4 %";"19 %";"AfD 4 %Sonst. 6 %"
"Forsa30.03.2015";"BerlinerZeitung";"1.00218.03.–26.03.";"";"30 %";"24 %";"14 %";"4 %";"18 %";"AfD 4 %Sonst. 6 %"
"Forsa28.02.2015";"BerlinerZeitung";"1.00216.02.–26.02.";"";"30 %";"24 %";"15 %";"4 %";"17 %";"AfD 4 %Sonst. 6 %"
"Forsa02.02.2015";"BerlinerZeitung";"1.00319.01.–29.01.";"";"31 %";"21 %";"14 %";"3 %";"19 %";"PIRATEN 2 %AfD 5 %Sonst. 5 %"
"Forsa04.12.2014";"BerlinerZeitung";"1.00917.11.–27.11.";"";"31 %";"23 %";"15 %";"2 %";"17 %";"PIRATEN 3 %AfD 5 %Sonst. 4 %"
"Forsa01.11.2014";"BerlinerZeitung";"???.10.–??.10.";"";"29 %";"23 %";"15 %";"2 %";"19 %";"PIRATEN 2 %AfD 6 %Sonst. 4 %"
"Forsa22.09.2014";"BerlinerZeitung";"1.00708.09.–18.09.";"";"29 %";"22 %";"14 %";"2 %";"19 %";"PIRATEN 3 %AfD 8 %Sonst. 3 %"
"Forsa04.08.2014";"BerlinerZeitung";"1.00321.07.–31.07.";"";"31 %";"21 %";"15 %";"2 %";"18 %";"PIRATEN 3 %AfD 5 %Sonst. 5 %"
"Forsa30.06.2014";"BerlinerZeitung";"1.00316.06.–26.06.";"";"29 %";"22 %";"14 %";"3 %";"18 %";"PIRATEN 3 %AfD 7 %Sonst. 4 %"
"Forsa30.05.2014";"BerlinerZeitung";"1.00820.05.–28.05.";"";"28 %";"21 %";"15 %";"2 %";"19 %";"PIRATEN 3 %AfD 8 %Sonst. 4 %"
"Forsa05.05.2014";"BerlinerZeitung";"???.04.–??.0?.";"";"31 %";"22 %";"13 %";"3 %";"19 %";"PIRATEN 3 %AfD 5 %Sonst. 4 %"
"Forsa01.04.2014";"BerlinerZeitung";"1.00217.03.–27.03.";"";"32 %";"21 %";"12 %";"3 %";"20 %";"PIRATEN 3 %AfD 4 %Sonst. 5 %"
"Forsa05.03.2014";"BerlinerZeitung";"1.003??.02.–??.02.";"";"30 %";"22 %";"13 %";"4 %";"19 %";"PIRATEN 3 %AfD 5 %Sonst. 4 %"
"Forsa04.02.2014";"BerlinerZeitung";"1.00620.01.–29.01.";"";"28 %";"25 %";"14 %";"4 %";"18 %";"PIRATEN 3 %AfD 4 %Sonst. 4 %"
"Forsa02.01.2014";"BerlinerZeitung";"1.003??.12.–??.12.";"";"28 %";"23 %";"13 %";"4 %";"19 %";"PIRATEN 4 %AfD 5 %Sonst. 4 %"
"Bundestagswahl am 22.09.2013";"Bundestagswahl am 22.09.2013";"Bundestagswahl am 22.09.2013";"";"28,5 %";"24,6 %";"12,3 %";"3,6 %";"18,5 %";"AfD 4,9 %PIRATEN 3,6 %Sonst. 4,1 %"
"Infratestdimap(11.09.13)";"RBB, BerlinerMorgenpost";"1.75205.09.–09.09.";"";"27 %";"26 %";"15 %";"3 %";"16 %";"AfD 4 %PIRATEN 3 %Sonst. 1 %"
"Forsa(30.08.13)";"BerlinerZeitung";"1.00120.08.–29.08.";"";"27 %";"19 %";"19 %";"5 %";"18 %";"PIRATEN 4 %AfD 4 %Sonst. 4 %"
"Forsa(31.07.13)";"BerlinerZeitung";"1.00516.07.–25.07.";"";"30 %";"21 %";"20 %";"4 %";"15 %";"PIRATEN 3 %Sonst. 7 %"
"Forsa(01.07.13)";"BerlinerZeitung";"1.00419.06.–27.06.";"";"30 %";"21 %";"20 %";"4 %";"16 %";"PIRATEN 4 %Sonst. 5 %"
"Forsa(01.06.13)";"BerlinerZeitung";"1.00421.05.–30.05.";"";"29 %";"22 %";"19 %";"4 %";"16 %";"PIRATEN 4 %Sonst. 6 %"
"Forsa(30.04.13)";"BerlinerZeitung";"1.00416.04.–25.04.";"";"31 %";"21 %";"19 %";"4 %";"15 %";"PIRATEN 4 %Sonst. 6 %"
"Forsa(25.03.13)";"BerlinerZeitung";"1.00612.03.–21.03.";"";"31 %";"21 %";"20 %";"3 %";"15 %";"PIRATEN 5 %Sonst. 5 %"
"Forsa(04.03.13)";"BerlinerZeitung";"1.00220.02.–28.02.";"";"33 %";"21 %";"20 %";"3 %";"14 %";"PIRATEN 4 %Sonst. 5 %"
"Forsa(03.02.13)";"BerlinerZeitung";"1.00721.01.–30.01.";"";"31 %";"22 %";"21 %";"3 %";"13 %";"PIRATEN 5 %Sonst. 5 %"
"Forsa(28.12.12)";"BerlinerZeitung";"1.00410.12.–20.12.";"";"29 %";"23 %";"20 %";"3 %";"14 %";"PIRATEN 5 %Sonst. 6 %"
"Forsa(30.11.12)";"BerlinerZeitung";"1.00816.11.–29.11.";"";"27 %";"25 %";"19 %";"3 %";"14 %";"PIRATEN 6 %Sonst. 6 %"
"Forsa(29.10.12)";"BerlinerZeitung";"1.00217.10.–25.10.";"";"29 %";"26 %";"17 %";"3 %";"13 %";"PIRATEN 7 %Sonst. 5 %"
"Forsa(30.09.12)";"BerlinerZeitung";"1.00418.09.–27.09.";"";"31 %";"26 %";"16 %";"3 %";"11 %";"PIRATEN 7 %Sonst. 6 %"
"Forsa(27.08.12)";"BerlinerZeitung";"1.00713.08.–23.08.";"";"30 %";"25 %";"19 %";"–";"10 %";"PIRATEN 9 %Sonst. 7 %"
"Forsa(27.07.12)";"BerlinerZeitung";"1.00417.07.–26.07.";"";"27 %";"27 %";"18 %";"–";"10 %";"PIRATEN 11 %Sonst. 7 %"
"Forsa(02.07.12)";"BerlinerZeitung";"1.00118.06.–28.06.";"";"24 %";"26 %";"17 %";"–";"12 %";"PIRATEN 13 %Sonst. 8 %"
"Forsa(28.05.12)";"BerlinerZeitung";"1.00314.05.–24.05.";"";"22 %";"26 %";"17 %";"–";"11 %";"PIRATEN 16 %Sonst. 8 %"
"Forsa(03.05.12)";"BerlinerZeitung";"1.00517.04.–26.04.";"";"27 %";"26 %";"15 %";"–";"11 %";"PIRATEN 13 %Sonst. 8 %"
"Forsa(02.04.12)";"BerlinerZeitung";"1.00820.03.–29.03.";"";"28 %";"25 %";"15 %";"–";"12 %";"PIRATEN 12 %Sonst. 8 %"
"Forsa(28.02.12)";"BerlinerZeitung";"1.00523.02.–24.02.";"";"27 %";"26 %";"16 %";"–";"13 %";"PIRATEN 10 %Sonst. 8 %"
"Forsa(30.01.12)";"BerlinerZeitung";"1.00216.01.–26.01.";"";"24 %";"26 %";"18 %";"–";"14 %";"PIRATEN 11 %Sonst. 7 %"
"Forsa(30.12.11)";"BerlinerZeitung";"??.12.–??.12.";"";"25 %";"25 %";"17 %";"2 %";"14 %";"PIRATEN 10 %Sonst. 7 %"
"Forsa(28.11.11)";"BerlinerZeitung";"1.00515.11.–24.11.";"";"25 %";"28 %";"15 %";"2 %";"14 %";"PIRATEN 9 %Sonst. 7 %"
"Forsa(31.10.11)";"BerlinerZeitung";"1.00418.10.–27.10.";"";"25 %";"30 %";"16 %";"2 %";"13 %";"PIRATEN 8 %Sonst. 6 %"
"Forsa(05.10.11)";"BerlinerZeitung";"1.00820.09.–28.09.";"";"26 %";"29 %";"17 %";"3 %";"12 %";"PIRATEN 7 %Sonst. 6 %"
"Forsa(02.09.11)";"BerlinerZeitung";"1.10005.08.–30.08.";"";"24 %";"29 %";"21 %";"4 %";"14 %";"8 %"
"Forsa(31.07.11)";"BerlinerZeitung";"1.00318.07.–28.07.";"";"22 %";"25 %";"25 %";"3 %";"17 %";"8 %"
"Forsa(04.07.11)";"BerlinerZeitung";"1.00120.06.–29.06.";"";"22 %";"26 %";"27 %";"3 %";"13 %";"9 %"
"Forsa(29.05.11)";"BerlinerZeitung";"1.00518.05.–26.05.";"";"20 %";"27 %";"27 %";"2 %";"14 %";"10 %"
"Forsa(01.05.11)";"BerlinerZeitung";"1.00418.04.–28.04.";"";"21 %";"26 %";"29 %";"3 %";"12 %";"9 %"
"Forsa(26.03.11)";"BerlinerZeitung";"1.00114.03.–24.03.";"";"21 %";"25 %";"26 %";"3 %";"16 %";"9 %"
"Forsa(25.02.11)";"BerlinerZeitung";"1.00615.02.–24.02.";"";"23 %";"26 %";"22 %";"4 %";"18 %";"7 %"
"Forsa(15.01.11)";"BerlinerZeitung";"1.00105.01.–13.01.";"";"26 %";"24 %";"23 %";"3 %";"16 %";"8 %"
"Forsa(18.12.10)";"BerlinerZeitung";"1.00407.12.–16.12.";"";"23 %";"23 %";"24 %";"4 %";"17 %";"9 %"
"Forsa(27.11.10)";"BerlinerZeitung";"1.00216.11.–25.11.";"";"22 %";"21 %";"26 %";"4 %";"19 %";"8 %"
"Forsa(01.11.10)";"BerlinerZeitung";"1.00419.10.–28.10.";"";"19 %";"24 %";"28 %";"4 %";"17 %";"8 %"
"Forsa(01.10.10)";"BerlinerZeitung";"1.00621.09.–29.09.";"";"18 %";"23 %";"27 %";"4 %";"19 %";"9 %"
"Forsa(30.08.10)";"BerlinerZeitung";"1.00117.08.–26.08.";"";"17 %";"24 %";"26 %";"5 %";"19 %";"9 %"
"Forsa(30.07.10)";"BerlinerZeitung";"1.00519.07.–29.07.";"";"18 %";"26 %";"24 %";"5 %";"19 %";"8 %"
"Forsa(25.06.10)";"BerlinerZeitung";"1.00117.06.–24.06.";"";"20 %";"25 %";"25 %";"4 %";"20 %";"6 %"
"Forsa(28.05.10)";"BerlinerZeitung";"1.00318.05.–27.05.";"";"23 %";"21 %";"23 %";"5 %";"20 %";"8 %"
"Forsa(05.05.10)";"BerlinerZeitung";"1.00619.04.–29.04.";"";"23 %";"22 %";"24 %";"7 %";"17 %";"7 %"
"Forsa(28.03.10)";"BerlinerZeitung";"1.00315.03.–25.03.";"";"24 %";"21 %";"22 %";"6 %";"19 %";"8 %"
"Forsa(01.03.10)";"BerlinerZeitung";"1.00112.02.–25.02.";"";"23 %";"19 %";"24 %";"6 %";"20 %";"8 %"
"Forsa(15.02.10)";"BerlinerZeitung";"1.00525.01.–05.02.";"";"25 %";"19 %";"22 %";"6 %";"20 %";"8 %"
"Forsa(28.12.09)";"BerlinerZeitung";"1.00514.12.–22.12.";"";"24 %";"19 %";"21 %";"7 %";"20 %";"9 %"
"Forsa(01.12.09)";"BerlinerZeitung";"1.00219.11.–26.11";"";"23 %";"19 %";"19 %";"10 %";"21 %";"8 %"
"Forsa(02.11.09)";"BerlinerZeitung";"1.00426.10.–29.10.";"";"24 %";"18 %";"17 %";"10 %";"22 %";"9 %"
"Bundestagswahl am 27.09.2009";"Bundestagswahl am 27.09.2009";"Bundestagswahl am 27.09.2009";"";"22,8 %";"20,2 %";"17,4 %";"11,5 %";"20,2 %";"PIRATEN 3,4 %Sonst. 4,5 %"
"Forsa(25.09.09)";"BerlinerZeitung";"1.00715.09.–24.09.";"";"22 %";"24 %";"18 %";"10 %";"18 %";"8 %"
"Infratestdimap(09.09.09)";"RBB, BerlinerMorgenpost";"1.00004.09.–07.09.";"";"25 %";"21 %";"19 %";"11 %";"17 %";"PIRATEN 3 %Sonst. 4 %"
"Forsa(29.08.09)";"BerlinerZeitung";"1.00519.08.–27.08.";"";"26 %";"22 %";"17 %";"11 %";"16 %";"10 %"
"Forsa(27.07.09)";"BerlinerZeitung";"1.00314.07.–23.07.";"";"26 %";"22 %";"19 %";"13 %";"14 %";"6 %"
"Infratestdimap(08.07.09)";"RBB, BerlinerMorgenpost";"1.00002.07.–06.07.";"";"26 %";"23 %";"19 %";"12 %";"15 %";"5 %"
"Forsa(29.06.09)";"BerlinerZeitung";"1.00716.06.–25.06.";"";"25 %";"22 %";"19 %";"14 %";"14 %";"6 %"
"Forsa(02.06.09)";"BerlinerZeitung";"1.00718.05.–28.05.";"";"24 %";"24 %";"16 %";"15 %";"15 %";"6 %"
"Forsa(09.05.09)";"BerlinerZeitung";"1.00020.04.–27.04.";"";"23 %";"26 %";"16 %";"13 %";"17 %";"5 %"
"Forsa(31.03.09)";"BerlinerZeitung";"1.00416.03.–26.03.";"";"24 %";"24 %";"15 %";"15 %";"17 %";"5 %"
"Forsa(03.03.09)";"BerlinerZeitung";"1.001";"";"24 %";"23 %";"14 %";"17 %";"17 %";"5 %"
"Forsa(02.02.09)";"BerlinerZeitung";"1.005??.01.–??.01.";"";"25 %";"24 %";"17 %";"13 %";"17 %";"4 %"
"Forsa(29.12.08)";"BerlinerZeitung";"";"";"24 %";"26 %";"?";"?";"?";"?"
"Forsa(29.11.08)";"BerlinerZeitung";"1.00617.11.–27.11.";"";"25 %";"24 %";"16 %";"10 %";"20 %";"5 %"
"Forsa(31.10.08)";"BerlinerZeitung";"1.00320.10.–30.10.";"";"27 %";"24 %";"14 %";"10 %";"19 %";"6 %"
"Forsa(29.09.08)";"BerlinerZeitung";"1.002";"";"27 %";"23 %";"15 %";"9 %";"20 %";"6 %"
"Forsa(02.09.08)";"BerlinerZeitung";"1.00818.08.–28.08.";"";"27 %";"19 %";"18 %";"11 %";"20 %";"?"
"Forsa(05.05.08)";"BerlinerZeitung";"1.20414.04.–24.04.";"";"26 %";"22 %";"18 %";"9 %";"19 %";"6 %"
"Forsa(28.03.08)";"BerlinerZeitung";"1.00013.03.–27.03.";"";"26 %";"22 %";"17 %";"9 %";"21 %";"5 %"
"Forsa(06.03.08)";"BerlinerZeitung";"1.00018.02.–28.02.";"";"26 %";"25 %";"15 %";"8 %";"19 %";"7 %"
"Forsa(29.01.08)";"BerlinerZeitung";"1.00014.01.–24.01.";"";"28 %";"26 %";"14 %";"8 %";"17 %";"7 %"
"Forsa(29.12.07)";"BerlinerZeitung";"1.00211.12.–20.12.";"";"28 %";"21 %";"14 %";"10 %";"19 %";"8 %"
"Forsa(23.10.07)";"BerlinerZeitung";"1.00308.10.–18.10.";"";"29 %";"21 %";"16 %";"9 %";"17 %";"8 %"
"Forsa(28.07.07)";"BerlinerZeitung";"1.00116.07.–26.07.";"";"25 %";"26 %";"14 %";"9 %";"19 %";"7 %"
"Infratestdimap(04.07.07)";"RBB, BerlinerMorgenpost";"1.00029.06.–02.07.";"";"26 %";"31 %";"15 %";"8 %";"15 %";"5 %"
"Forsa(01.07.07)";"BerlinerZeitung";"1.00118.06.–28.06.";"";"23 %";"24 %";"16 %";"10 %";"21 %";"6 %"
"Forsa(28.05.07)";"BerlinerZeitung";"1.00521.05.–24.05.";"";"23 %";"26 %";"17 %";"9 %";"17 %";"8 %"
"Forsa(01.05.07)";"BerlinerZeitung";"1.00118.04.–26.04.";"";"24 %";"25 %";"?";"?";"?";"?"
"Forsa(19.03.07)";"BerlinerZeitung";"1.00105.03.–15.03.";"";"21 %";"28 %";"16 %";"9 %";"18 %";"8 %"
"Forsa(20.02.07)";"BerlinerZeitung";"1.00012.02.–15.02.";"";"22 %";"28 %";"16 %";"11 %";"15 %";"8 %"
"Infratestdimap(07.02.07)";"RBB, BerlinerMorgenpost";"1.00002.02.–05.02.";"";"25 %";"32 %";"14 %";"10 %";"12 %";"7 %"
"Forsa(30.12.06)";"BerlinerZeitung";"1.00111.12.–21.12.";"";"21 %";"28 %";"17 %";"12 %";"14 %";"8 %"
"Forsa(30.11.06)";"BerlinerZeitung";"1.01413.11.–23.11.";"";"18 %";"28 %";"16 %";"14 %";"16 %";"8 %"
"Emnid(06.08.06)";"BerlinerMorgenpost";"1.00031.07.–03.08.";"";"23 %";"34 %";"12 %";"11 %";"17 %";"REP/NPD 3 %Sonst. 1 %"
"Emnid(02.07.06)";"BerlinerMorgenpost";"1.00526.06.–29.06.";"";"26 %";"33 %";"13 %";"10 %";"13 %";"REP/NPD 2 %Sonst. 2 %"
"Emnid(05.06.06)";"BerlinerMorgenpost";"1.00629.05.–01.06.";"";"22 %";"31 %";"13 %";"11 %";"16 %";"REP/NPD 5 %Sonst. 1 %"
"Emnid(07.05.06)";"BerlinerMorgenpost";"1.00802.05.–04.05.";"";"27 %";"36 %";"13 %";"6 %";"14 %";"REP/NPD 3 %Sonst. 1 %"
"Emnid(06.03.06)";"BerlinerMorgenpost";"1.00027.02.–01.03.";"";"32 %";"34 %";"14 %";"6 %";"12 %";"2 %"
"Emnid(12.02.06)";"BerlinerMorgenpost";"1.00006.02.–08.02.";"";"31 %";"35 %";"12 %";"4 %";"14 %";"REP/NPD 3 %Sonst. 2 %"
"Bundestagswahl am 18.09.2005";"Bundestagswahl am 18.09.2005";"Bundestagswahl am 18.09.2005";"";"22,0 %";"34,4 %";"13,7 %";"8,2 %";"16,4 %";"5,3 %"
"";"";"";"";"";"";"";"";"";""
"Brandenburg (Bundestagswahl)";"Brandenburg (Bundestagswahl)";"Brandenburg (Bundestagswahl)";"Brandenburg (Bundestagswahl)";"Brandenburg (Bundestagswahl)";"Brandenburg (Bundestagswahl)";"Brandenburg (Bundestagswahl)";"Brandenburg (Bundestagswahl)";"Brandenburg (Bundestagswahl)";"Brandenburg (Bundestagswahl)"
"Institut(Datum)";"Auftrag-geber";"BefragteZeitraum";"";"CDU";"SPD";"GRÜNE";"FDP";"LINKE";"Sonstige"
"Infratestdimap(21.06.17)";"RBB";"1.00015.06.–19.06.";"";"35 %";"24 %";"5 %";"3 %";"15 %";"AfD 15 %,Sonst. 3 %"
"Forsa(18.01.17)";"MärkischeAllgemeine";"1.00309.01.–13.01.";"";"30 %";"19 %";"6 %";"5 %";"16 %";"AfD 20 %,Sonst. 4 %"
"Forsa(30.09.16)";"MärkischeAllgemeine";"1.00120.09.–26.09.";"";"26 %";"21 %";"6 %";"?";"17 %";"AfD 21 %,Sonst. ?"
"Forsa(19.03.16)";"MärkischeAllgemeine";"1.00314.03.–17.03.";"";"28 %";"21 %";"8 %";"4 %";"16 %";"AfD 18 %,Sonst. ?"
"Forsa(04.01.16)";"MärkischeAllgemeine";"1.00209.12.–17.12.";"";"32 %";"22 %";"5 %";"3 %";"20 %";"AfD 14 %,Sonst. ?"
"Emnid(14.03.14)";"DIE LINKE-Landesverband";"1.00224.02.-05.03.";"";"29 %";"30 %";"7 %";"2 %";"23 %";"AfD 4 %, NPD 2 %,PIRATEN 2 %,Sonst. ?"
"Bundestagswahl am 22.09.2013";"Bundestagswahl am 22.09.2013";"Bundestagswahl am 22.09.2013";"";"34,8 %";"23,1 %";"4,7 %";"2,5 %";"22,4 %";"AfD 6,0 %, NPD 2,6 %,PIRATEN 2,2 %,Sonst. 1,7 %"
"GMS(26.08.13)";"CDU-Landesverband";"1.00612.08.-16.08.";"";"33 %";"30 %";"9 %";"4 %";"19 %";"5 %"
"Infratestdimap(29.05.13)";"RBB, MOZ";"1.00124.05.-27.05.";"";"32 %";"31 %";"8 %";"3 %";"19 %";"7 %"
"Forsa(02.01.13)";"MärkischeAllgemeine";"75817.12.–19.12.";"";"27 %";"28 %";"7 %";"4 %";"26 %";"PIRATEN 3 %Sonst. 5 %"
"Emnid(08.02.12)";"DIE LINKE-Landesverband";"1.00216.01.-25.01.";"";"26 %";"34 %";"9 %";"2 %";"19 %";"PIRATEN 7 %NPD 2 %Sonst. 1 %"
"Bundestagswahl am 27.09.2009";"Bundestagswahl am 27.09.2009";"Bundestagswahl am 27.09.2009";"";"23,6 %";"25,1 %";"6,1 %";"9,3 %";"28,5 %";"NPD 2,6 %PIRATEN 2,5 %Sonst. 2,3 %"
"Infratestdimap(09.09.09)";"RBB,MärkischeAllgemeine";"1.00104.09.–07.09.";"";"26 %";"30 %";"5 %";"9 %";"24 %";"6 %"
"Emnid(12.02.09)";"DIE LINKE-Landesverband";"1.00126.01.–06.02.";"";"25 %";"30 %";"6 %";"9 %";"26 %";"3 %"
"Forsa(17.04.08)";"n-tv";"1.08401.04.–15.04.";"";"24 %";"26 %";"6 %";"7 %";"32 %";"5 %"
"Infratestdimap(08.04.08)";"RBB,MärkischeAllgemeine";"1.00002.04.–06.04.";"";"26 %";"31 %";"4 %";"6 %";"29 %";"4 %"
"Infratestdimap(31.10.07)";"RBB,MärkischeAllgemeine";"1.00025.10.–28.10.";"";"28 %";"35 %";"4 %";"5 %";"24 %";"4 %"
"Infratest(28.03.07)";"SPD-LT-Fraktion";"1.00026.02.–04.03.";"";"24 %";"37 %";"4 %";"6 %";"25 %";"4 %"
"Bundestagswahl am 18.09.2005";"Bundestagswahl am 18.09.2005";"Bundestagswahl am 18.09.2005";"";"20,6 %";"35,8 %";"5,1 %";"6,9 %";"26,6 %";"5,0 %"
"";"";"";"";"";"";"";"";"";""
"Bremen (Bundestagswahl)";"Bremen (Bundestagswahl)";"Bremen (Bundestagswahl)";"Bremen (Bundestagswahl)";"Bremen (Bundestagswahl)";"Bremen (Bundestagswahl)";"Bremen (Bundestagswahl)";"Bremen (Bundestagswahl)";"Bremen (Bundestagswahl)";"Bremen (Bundestagswahl)"
"Institut(Datum)";"Auftrag-geber";"BefragteZeitraum";"";"CDU";"SPD";"GRÜNE";"FDP";"LINKE";"Sonstige"
"Bundestagswahl am 18.09.2005";"Bundestagswahl am 18.09.2005";"Bundestagswahl am 18.09.2005";"";"22,8 %";"42,9 %";"14,3 %";"8,1 %";"8,4 %";"3,5 %"
"";"";"";"";"";"";"";"";"";""
"Hamburg (Bundestagswahl)";"Hamburg (Bundestagswahl)";"Hamburg (Bundestagswahl)";"Hamburg (Bundestagswahl)";"Hamburg (Bundestagswahl)";"Hamburg (Bundestagswahl)";"Hamburg (Bundestagswahl)";"Hamburg (Bundestagswahl)";"Hamburg (Bundestagswahl)";"Hamburg (Bundestagswahl)"
"Institut(Datum)";"Auftrag-geber";"BefragteZeitraum";"";"CDU";"SPD";"GRÜNE";"FDP";"LINKE";"Sonstige"
"Trend Research(04.09.17)";"RadioHamburg";"O • 59024.08.–28.08.";"";"30 %";"30 %";"7 %";"10 %";"11 %";"AfD 7 %Sonst. 5 %"
"Trend Research(10.02.17)";"RadioHamburg";"O • 51031.01.–06.02.";"";"24 %";"41 %";"6 %";"7 %";"8 %";"AfD 8 %Sonst. 4 %"
"Bundestagswahl am 22.09.2013";"Bundestagswahl am 22.09.2013";"Bundestagswahl am 22.09.2013";"";"32,1 %";"32,4 %";"12,7 %";"4,8 %";"8,8 %";"AfD 4,2 %Sonst. 5,0 %"
"GMS(17.02.11)";"Sat.1";"1.00215.02.–17.02.";"";"27 %";"34 %";"20 %";"6 %";"8 %";"5 %"
"Bundestagswahl am 27.09.2009";"Bundestagswahl am 27.09.2009";"Bundestagswahl am 27.09.2009";"";"27,8 %";"27,4 %";"15,6 %";"13,2 %";"11,2 %";"PIRATEN 2,6 %Sonst. 2,1 %"
"Infratestdimap(26.02.09)";"NDR";"1.00019.02.–22.02.";"";"33 %";"33 %";"11 %";"12 %";"9 %";"2 %"
"Emnid(19.03.07)";"BILD";"1.00012.03.–14.03.";"";"39 %";"31 %";"14 %";"10 %";"6 %";"1 %"
"Forsa(10.08.06)";"n-tv";"1.00101.08.–08.08.";"";"26 %";"34 %";"17 %";"13 %";"6 %";"4 %"
"Emnid(13.02.06)";"DIE WELT";"1.00006.02.–08.02.";"";"41 %";"30 %";"15 %";"5 %";"6 %";"3 %"
"Bundestagswahl am 18.09.2005";"Bundestagswahl am 18.09.2005";"Bundestagswahl am 18.09.2005";"";"28,9 %";"38,7 %";"14,9 %";"9,0 %";"6,3 %";"2,2 %"
"";"";"";"";"";"";"";"";"";""
"Hessen (Bundestagswahl)";"Hessen (Bundestagswahl)";"Hessen (Bundestagswahl)";"Hessen (Bundestagswahl)";"Hessen (Bundestagswahl)";"Hessen (Bundestagswahl)";"Hessen (Bundestagswahl)";"Hessen (Bundestagswahl)";"Hessen (Bundestagswahl)";"Hessen (Bundestagswahl)"
"Institut(Datum)";"Auftrag-geber";"BefragteZeitraum";"";"CDU";"SPD";"GRÜNE";"FDP";"LINKE";"Sonstige"
"Forsa(02.09.15)";"stern, FrankfurterNeue Presse";"1.00917.08.–26.08.";"";"40 %";"26 %";"13 %";"5 %";"7 %";"AfD 4 %Sonst. ?"
"ForschungsgruppeWahlen(29.08.13)";"FAZ, FFH";"1.04019.08.-26.08.";"";"40 %";"27 %";"14 %";"6 %";"5 %";"AfD 3 %Sonst. 5 %"
"Infratestdimap(20.08.13)";"HessischerRundfunk";"1.00015.08.–18.08.";"";"41 %";"27 %";"12 %";"6 %";"6 %";"AfD 3 %Sonst. 5 %"
"Forsa(17.07.13)";"stern, FrankfurterNeue Presse";"1.13401.07.–10.07.";"";"39 %";"25 %";"16 %";"5 %";"5 %";"AfD 3 %Sonst. 7 %"
"Bundestagswahl am 27.09.2009";"Bundestagswahl am 27.09.2009";"Bundestagswahl am 27.09.2009";"";"32,2 %";"25,6 %";"12,0 %";"16,6 %";"8,5 %";"PIRATEN 2,1 %Sonst. 3,0 %"
"Forsa(28.06.07)";"n-tv";"1.01211.06.–26.06.";"";"36 %";"26 %";"11 %";"12 %";"10 %";"5 %"
"Forsa(14.03.07)";"n-tv";"1.02726.02.–13.03.";"";"31 %";"26 %";"14 %";"15 %";"8 %";"6 %"
"Forsa(14.12.06)";"n-tv";"1.02320.11.–12.12.";"";"30 %";"28 %";"13 %";"15 %";"8 %";"6 %"
"Forsa(13.10.06)";"n-tv";"1.17014.09.–11.10.";"";"28 %";"31 %";"12 %";"18 %";"6 %";"5 %"
"Forsa(15.06.06)";"n-tv";"1.22515.05.–09.06.";"";"34 %";"28 %";"12 %";"14 %";"7 %";"5 %"
"Bundestagswahl am 18.09.2005";"Bundestagswahl am 18.09.2005";"Bundestagswahl am 18.09.2005";"";"33,7 %";"35,6 %";"10,1 %";"11,7 %";"5,3 %";"3,6 %"
"";"";"";"";"";"";"";"";"";""
"Mecklenburg-Vorpommern (Bundestagswahl)";"Mecklenburg-Vorpommern (Bundestagswahl)";"Mecklenburg-Vorpommern (Bundestagswahl)";"Mecklenburg-Vorpommern (Bundestagswahl)";"Mecklenburg-Vorpommern (Bundestagswahl)";"Mecklenburg-Vorpommern (Bundestagswahl)";"Mecklenburg-Vorpommern (Bundestagswahl)";"Mecklenburg-Vorpommern (Bundestagswahl)";"Mecklenburg-Vorpommern (Bundestagswahl)";"Mecklenburg-Vorpommern (Bundestagswahl)"
"Institut(Datum)";"Auftrag-geber";"BefragteZeitraum";"";"CDU";"SPD";"GRÜNE";"FDP";"LINKE";"Sonstige"
"INSA(23.07.17)";"Nordkurier";"1.24030.06.–14.07.";"";"32 %";"21 %";"4 %";"5 %";"13 %";"AfD 22 %Sonst. 3 %"
"Forsa(19.01.17)";"Ostsee-Zeitung";"1.00209.01.–16.01.";"";"34 %";"18 %";"5 %";"3 %";"15 %";"AfD 19 %Sonst. 6 %"
"Bundestagswahl am 22.09.2013";"Bundestagswahl am 22.09.2013";"Bundestagswahl am 22.09.2013";"";"42,5 %";"17,8 %";"4,3 %";"2,2 %";"21,5 %";"AfD 5,6 %NPD 2,7 %PIRATEN 1,9 %Sonst. 1,3 %"
"Emnid(14.09.13)";"SchwerinerVolkszeitung,Nordkurier";"75006.09.–10.09.";"";"34 %";"23 %";"6 %";"2 %";"24 %";"NPD 4 %AfD 4 %PIRATEN 2 %Sonst. 1 %"
"Emnid(17.08.13)";"SchwerinerVolkszeitung,Nordkurier";"75009.08.–13.08.";"";"36 %";"24 %";"6 %";"2 %";"23 %";"NPD 3 %PIRATEN 2 %AfD 2 %Sonst. 2 %"
"Bundestagswahl am 27.09.2009";"Bundestagswahl am 27.09.2009";"Bundestagswahl am 27.09.2009";"";"33,1 %";"16,6 %";"5,5 %";"9,8 %";"29,0 %";"NPD 3,3 %PIRATEN 2,3 %Sonst. 0,4 %"
"Infratest(17.10.07)";"SPD-LV MV";"1.00008.10.–11.10.";"";"37 %";"31 %";"4 %";"5 %";"17 %";"? %"
"Forsa(20.09.07)";"n-tv";"1.00920.08.–18.09.";"";"33 %";"23 %";"4 %";"7 %";"27 %";"6 %"
"Bundestagswahl am 18.09.2005";"Bundestagswahl am 18.09.2005";"Bundestagswahl am 18.09.2005";"";"29,6 %";"31,7 %";"4,0 %";"6,3 %";"23,7 %";"4,7 %"
"";"";"";"";"";"";"";"";"";""
"Niedersachsen (Bundestagswahl)";"Niedersachsen (Bundestagswahl)";"Niedersachsen (Bundestagswahl)";"Niedersachsen (Bundestagswahl)";"Niedersachsen (Bundestagswahl)";"Niedersachsen (Bundestagswahl)";"Niedersachsen (Bundestagswahl)";"Niedersachsen (Bundestagswahl)";"Niedersachsen (Bundestagswahl)";"Niedersachsen (Bundestagswahl)"
"Institut(Datum)";"Auftrag-geber";"BefragteZeitraum";"";"CDU";"SPD";"GRÜNE";"FDP";"LINKE";"Sonstige"
"Infratestdimap(10.08.17)";"NDR";"1.00308.08.–09.08.";"";"42 %";"29 %";"7 %";"8 %";"4 %";"AfD 6 %Sonst. 4 %"
"Forsa(06.05.17)";"SPD-LV";"1.00118.04.–28.04.";"";"36 %";"35 %";"7 %";"6 %";"5 %";"AfD 7 %Sonst. 4 %"
"Bundestagswahl am 22.09.2013";"Bundestagswahl am 22.09.2013";"Bundestagswahl am 22.09.2013";"";"41,1 %";"33,1 %";"8,8 %";"4,2 %";"5,0 %";"AfD 3,7 %Sonst. ?"
"Infratestdimap(01.09.11)";"NDR";"1.00022.08.–28.08.";"";"36 %";"34 %";"17 %";"5 %";"4 %";"4 %"
"Bundestagswahl am 27.09.2009";"Bundestagswahl am 27.09.2009";"Bundestagswahl am 27.09.2009";"";"33,2 %";"29,3 %";"10,7 %";"13,3 %";"8,6 %";"4,9 %"
"Forsa(16.08.07)";"n-tv";"1.16001.08.–14.08.";"";"39 %";"30 %";"9 %";"10 %";"8 %";"4 %"
"Forsa(31.05.07)";"n-tv";"1.04714.05.–29.05.";"";"37 %";"33 %";"9 %";"11 %";"6 %";"4 %"
"Forsa(15.02.07)";"n-tv";"1.19329.01.–13.02.";"";"33 %";"34 %";"10 %";"13 %";"6 %";"4 %"
"Forsa(16.11.06)";"n-tv";"1.08002.11.–14.11.";"";"28 %";"37 %";"9 %";"15 %";"7 %";"4 %"
"Forsa(19.10.06)";"n-tv";"1.05425.09.–17.10.";"";"30 %";"37 %";"9 %";"13 %";"7 %";"4 %"
"Forsa(03.08.06)";"NeuePresse, n-tv";"1.08617.07.–01.08.";"";"31 %";"37 %";"9 %";"13 %";"6 %";"4 %"
"Forsa(08.06.06)";"n-tv";"1.03917.05.–06.06.";"";"38 %";"36 %";"8 %";"10 %";"5 %";"3 %"
"Bundestagswahl am 18.09.2005";"Bundestagswahl am 18.09.2005";"Bundestagswahl am 18.09.2005";"";"33,6 %";"43,2 %";"7,4 %";"8,9 %";"4,3 %";"2,6 %"
"";"";"";"";"";"";"";"";"";""
"Nordrhein-Westfalen (Bundestagswahl)";"Nordrhein-Westfalen (Bundestagswahl)";"Nordrhein-Westfalen (Bundestagswahl)";"Nordrhein-Westfalen (Bundestagswahl)";"Nordrhein-Westfalen (Bundestagswahl)";"Nordrhein-Westfalen (Bundestagswahl)";"Nordrhein-Westfalen (Bundestagswahl)";"Nordrhein-Westfalen (Bundestagswahl)";"Nordrhein-Westfalen (Bundestagswahl)";"Nordrhein-Westfalen (Bundestagswahl)"
"Institut(Datum)";"Auftrag-geber";"BefragteZeitraum";"";"CDU";"SPD";"GRÜNE";"FDP";"LINKE";"Sonstige"
"yougov(12.09.17)";"Sat.1 NRW";"O • 1.04801.09.–08.09.";"";"36 %";"30 %";"6 %";"7 %";"9 %";"AfD 9 %Sonst. 3 %"
"Infratest dimap(03.09.17)";"WDR";"T • 1.00029.08.–31.08.";"";"36 %";"26 %";"7 %";"12 %";"8 %";"AfD 8 %Sonst. 3 %"
"Forsa(15.03.17)";"KStA, stern,RTL";"T • 1.04020.02.–10.03.";"";"33 %";"35 %";"6 %";"9 %";"5 %";"AfD 7 %Sonst. 5 %"
"Forsa(15.03.17)";"KStA, stern,RTL";"T • 1.07209.01.–20.01.";"";"37 %";"27 %";"9 %";"7 %";"7 %";"AfD 8 %Sonst. 5 %"
"Forsa(02.12.15)";"KStA, stern";"T • 1.21108.11.–27.11.";"";"37 %";"30 %";"9 %";"6 %";"6 %";"AfD 6 %Sonst. 6 %"
"Forsa(02.06.15)";"KStA, stern";"T • 1.09718.05.–28.05";"";"39 %";"29 %";"10 %";"7 %";"7 %";"AfD 3 %Sonst. 5 %"
"Bundestagswahl am 22.09.2013";"Bundestagswahl am 22.09.2013";"Bundestagswahl am 22.09.2013";"";"39,8 %";"31,9 %";"8,0 %";"5,2 %";"6,1 %";"AfD 3,9 %PIRATEN 2,2 %Sonst. 2,8 %"
"yougov(19.09.13)";"Sat.1 NRW";"O • 1.05105.09.–16.09.";"";"39 %";"33 %";"11 %";"5 %";"4 %";"AfD 3 %PIRATEN 2 %Sonst. ?"
"Infratestdimap(07.09.13)";"WDR";"1.00903.09.–05.09.";"";"41 %";"35 %";"9 %";"5 %";"4 %";"PIRATEN 2 %Sonst. ?"
"Infratestdimap(26.05.13)";"WDR";"1.00121.05.–23.05.";"";"40 %";"34 %";"13 %";"3 %";"3 %";"PIRATEN 2 %Sonst. 5 %"
"Bundestagswahl am 27.09.2009";"Bundestagswahl am 27.09.2009";"Bundestagswahl am 27.09.2009";"";"33,1 %";"28,5 %";"10,1 %";"14,9 %";"8,4 %";"PIRATEN 1,7 %Sonst. 3,3 %"
"Forsa(08.10.08)";"stern";"1.01724.09.–02.10.";"";"35 %";"30 %";"8 %";"13 %";"10 %";"?"
"Forsa(14.08.08)";"n-tv";"97031.07.–12.08.";"";"39 %";"23 %";"9 %";"13 %";"12 %";"4 %"
"Forsa(14.08.08)";"n-tv";"86721.07.–30.07.";"";"37 %";"25 %";"9 %";"14 %";"11 %";"4 %"
"Forsa(12.06.08)";"n-tv";"1.05426.05.–06.06.";"";"35 %";"22 %";"14 %";"10 %";"15 %";"4 %"
"Forsa(21.05.08)";"n-tv";"1.21605.05.–16.05.";"";"38 %";"24 %";"11 %";"11 %";"12 %";"4 %"
"Forsa(03.04.08)";"n-tv";"1.38617.03.–28.03.";"";"38 %";"24 %";"11 %";"12 %";"11 %";"4 %"
"Forsa(06.02.08)";"n-tv";"1.01428.01.–05.02.";"";"36 %";"27 %";"9 %";"12 %";"11 %";"5 %"
"Forsa(07.11.07)";"n-tv";"1.41822.10.–05.11.";"";"39 %";"28 %";"9 %";"10 %";"9 %";"5 %"
"Forsa(13.09.07)";"n-tv";"1.15730.08.–11.09.";"";"39 %";"28 %";"10 %";"9 %";"9 %";"5 %"
"Forsa(27.10.06)";"WAZ";"1.93216.10.–25.10.";"";"29 %";"33 %";"10 %";"17 %";"6 %";"5 %"
"Forsa(18.05.06)";"n-tv,WestfälischeRundschau";"1.00108.05.–16.05.";"";"37 %";"34 %";"9 %";"11 %";"6 %";"3 %"
"Bundestagswahl am 18.09.2005";"Bundestagswahl am 18.09.2005";"Bundestagswahl am 18.09.2005";"";"34,4 %";"40,0 %";"7,6 %";"10,0 %";"5,2 %";"2,8 %"
"";"";"";"";"";"";"";"";"";""
"Rheinland-Pfalz (Bundestagswahl)";"Rheinland-Pfalz (Bundestagswahl)";"Rheinland-Pfalz (Bundestagswahl)";"Rheinland-Pfalz (Bundestagswahl)";"Rheinland-Pfalz (Bundestagswahl)";"Rheinland-Pfalz (Bundestagswahl)";"Rheinland-Pfalz (Bundestagswahl)";"Rheinland-Pfalz (Bundestagswahl)";"Rheinland-Pfalz (Bundestagswahl)";"Rheinland-Pfalz (Bundestagswahl)"
"Institut(Datum)";"Auftrag-geber";"BefragteZeitraum";"";"CDU";"SPD";"GRÜNE";"FDP";"LINKE";"Sonstige"
"Infratestdimap(14.09.17)";"SWR";"1.00107.09.–11.09.";"";"39 %";"25 %";"7 %";"8 %";"6 %";"AfD 11 %Sonst. 4 %"
"Infratestdimap(22.06.17)";"SWR";"1.000
 14.06.–19.06.";"";"44 %";"24 %";"6 %";"10 %";"6 %";"AfD 7 %Sonst. 3 %"
"Infratestdimap(09.03.17)";"SWR";"1.001
 02.03.–06.03.";"";"40 %";"37 %";"4 %";"6 %";"4 %";"AfD 6 %Sonst. 3 %"
"Bundestagswahl am 22.09.2013";"Bundestagswahl am 22.09.2013";"Bundestagswahl am 22.09.2013";"";"43,3 %";"27,5 %";"7,6 %";"5,5 %";"5,4 %";"AfD 4,8 %Sonst. 5,8 %"
"Infratestdimap(05.09.13)";"SWR";"1.000
 29.08.–02.09.";"";"45 %";"30 %";"10 %";"5 %";"2 %";"AfD 3 %Sonst. 5 %"
"Bundestagswahl am 27.09.2009";"Bundestagswahl am 27.09.2009";"Bundestagswahl am 27.09.2009";"";"35,0 %";"23,8 %";"9,7 %";"16,6 %";"9,4 %";"PIRATEN 1,9 %Sonst. 3,7 %"
"Infratestdimap(17.09.09)";"SWR";"1.00011.09.–14.09.";"";"39 %";"28 %";"8 %";"14 %";"7 %";"4 %"
"Psephos(16.09.09)";"Rheinpfalz";"1.00309.09.–14.09.";"";"35 %";"30 %";"9 %";"16 %";"6 %";"?"
"Forsa(30.08.07)";"n-tv";"1.06106.08.–28.08.";"";"38 %";"26 %";"9 %";"11 %";"10 %";"6 %"
"Forsa(26.04.07)";"n-tv";"";"";"35 %";"29 %";"9 %";"13 %";"8 %";"6 %"
"Forsa(22.03.07)";"n-tv";"1.00620.02.–20.03.";"";"34 %";"29 %";"10 %";"14 %";"7 %";"6 %"
"Forsa(17.08.06)";"n-tv";"1.00109.08.–15.08.";"";"33 %";"33 %";"7 %";"15 %";"8 %";"4 %"
"Bundestagswahl am 18.09.2005";"Bundestagswahl am 18.09.2005";"Bundestagswahl am 18.09.2005";"";"36,9 %";"34,6 %";"7,3 %";"11,7 %";"5,6 %";"3,9 %"
"";"";"";"";"";"";"";"";"";""
"Saarland (Bundestagswahl)";"Saarland (Bundestagswahl)";"Saarland (Bundestagswahl)";"Saarland (Bundestagswahl)";"Saarland (Bundestagswahl)";"Saarland (Bundestagswahl)";"Saarland (Bundestagswahl)";"Saarland (Bundestagswahl)";"Saarland (Bundestagswahl)";"Saarland (Bundestagswahl)"
"Institut(Datum)";"Auftrag-geber";"BefragteZeitraum";"";"CDU";"SPD";"GRÜNE";"FDP";"LINKE";"Sonstige"
"INSA(07.03.17)";"BILD";"1.02502.03.-06.03.";"";"32 %";"44 %";"5 %";"6 %";"4 %";"AfD 7 %Sonst. 2 %"
"Bundestagswahl am 22.09.2013";"Bundestagswahl am 22.09.2013";"Bundestagswahl am 22.09.2013";"";"37,8 %";"31,0 %";"5,7 %";"3,8 %";"10,0 %";"AfD 5,2 %Sonst. 6,5 %"
"Infratestdimap(07.05.13)";"SR";"1.00103.05.-06.05.";"";"43 %";"31 %";"8 %";"3 %";"8 %";"AfD 3 %Sonst. 4 %"
"Bundestagswahl am 27.09.2009";"Bundestagswahl am 27.09.2009";"Bundestagswahl am 27.09.2009";"";"30,7 %";"24,7 %";"6,8 %";"11,9 %";"21,2 %";"Familie 1,5 %PIRATEN 1,5 %Sonst. 1,8 %"
"Infratestdimap(28.10.08)";"SaarbrückerZeitung, SR";"1.00023.10.–26.10.";"";"40 %";"26 %";"5 %";"8 %";"18 %";"3 %"
"Forsa(26.03.08)";"stern";"76917.03.–20.03.";"";"35 %";"16 %";"7 %";"9 %";"29 %";"4 %"
"Infratestdimap(16.11.06)";"SaarbrückerZeitung, SR";"1.00009.11.–14.11.";"";"33 %";"35 %";"6 %";"10 %";"13 %*";"3 %"
"Bundestagswahl am 18.09.2005";"Bundestagswahl am 18.09.2005";"Bundestagswahl am 18.09.2005";"";"30,2 %";"33,3 %";"5,9 %";"7,4 %";"18,5 %";"4,7 %"
"";"";"";"";"";"";"";"";"";""
"Sachsen (Bundestagswahl)";"Sachsen (Bundestagswahl)";"Sachsen (Bundestagswahl)";"Sachsen (Bundestagswahl)";"Sachsen (Bundestagswahl)";"Sachsen (Bundestagswahl)";"Sachsen (Bundestagswahl)";"Sachsen (Bundestagswahl)";"Sachsen (Bundestagswahl)";"Sachsen (Bundestagswahl)"
"Institut(Datum)";"Auftrag-geber";"BefragteZeitraum";"";"CDU";"SPD";"GRÜNE";"FDP";"LINKE";"Sonstige"
"Infratestdimap(20.06.17)";"MDR";"1.00012.06.–17.06.";"";"46 %";"11 %";"3 %";"5 %";"14 %";"AfD 18 %Sonst. 3 %"
"Infratestdimap(24.11.16)";"MDR";"1.00215.11.–19.11.";"";"38 %";"14 %";"7 %";"–";"15 %";"AfD 20 %Sonst. 6 %"
"INSA(05.10.16)";"BILD";"1.00319.09.–23.09.";"";"32 %";"15 %";"5 %";"3 %";"16 %";"AfD 25 %Sonst. 4 %"
"Bundestagswahl am 22.09.2013";"Bundestagswahl am 22.09.2013";"Bundestagswahl am 22.09.2013";"";"42,6 %";"14,6 %";"4,9 %";"3,1 %";"20,0 %";"AfD 6,8 %Sonst. 8,0 %"
"Infratestdimap(20.08.13)";"MDR";"1.00009.08.–15.08.";"";"48 %";"17 %";"9 %";"3 %";"13 %";"PIRATEN 3 %Sonst. 7 %"
"Bundestagswahl am 27.09.2009";"Bundestagswahl am 27.09.2009";"Bundestagswahl am 27.09.2009";"";"35,6 %";"14,6 %";"6,7 %";"13,3 %";"24,5 %";"5,3 %"
"Forsa(06.09.07)";"n-tv";"1.13020.08.–04.09.";"";"31 %";"16 %";"5 %";"10 %";"28 %";"NPD 5 %Sonst. 5 %"
"Forsa(12.07.07)";"n-tv";"";"";"29 %";"17 %";"6 %";"11 %";"28 %";"NPD 5 %Sonst. 4 %"
"Bundestagswahl am 18.09.2005";"Bundestagswahl am 18.09.2005";"Bundestagswahl am 18.09.2005";"";"30,0 %";"24,5 %";"4,8 %";"10,2 %";"22,8 %";"7,7 %"
"";"";"";"";"";"";"";"";"";""
"Sachsen-Anhalt (Bundestagswahl)";"Sachsen-Anhalt (Bundestagswahl)";"Sachsen-Anhalt (Bundestagswahl)";"Sachsen-Anhalt (Bundestagswahl)";"Sachsen-Anhalt (Bundestagswahl)";"Sachsen-Anhalt (Bundestagswahl)";"Sachsen-Anhalt (Bundestagswahl)";"Sachsen-Anhalt (Bundestagswahl)";"Sachsen-Anhalt (Bundestagswahl)";"Sachsen-Anhalt (Bundestagswahl)"
"Institut(Datum)";"Auftrag-geber";"BefragteZeitraum";"";"CDU";"SPD";"GRÜNE";"FDP";"LINKE";"Sonstige"
"Infratestdimap(20.06.17)";"MDR";"1.00012.06.–17.06.";"";"45 %";"14 %";"4 %";"6 %";"17 %";"AfD 11 %Sonst. 3 %"
"Infratestdimap(24.11.16)";"MDR";"1.00015.11.–19.11.";"";"39 %";"16 %";"4 %";"3 %";"17 %";"AfD 16 %Sonst. 5 %"
"Bundestagswahl am 22.09.2013";"Bundestagswahl am 22.09.2013";"Bundestagswahl am 22.09.2013";"";"41,2 %";"18,2 %";"4,0 %";"2,6 %";"23,9 %";"AfD 4,2 %Sonst. 5,8 %"
"BIK Aschpurwis+ Behrens(07.09.13)";"MagdeburgerVolksstimme";"60120.08.–02.09.";"";"42,2 %";"22,3 %";"6,6 %";"4,1 %";"20,5 %";"AfD 1,9 %PIRATEN 1,2 %""keine Angabe"" ?"
"Infratestdimap(20.08.13)";"MDR";"1.00009.08.–14.08.";"";"43 %";"20 %";"6 %";"3 %";"21 %";"7 %"
"Bundestagswahl am 27.09.2009";"Bundestagswahl am 27.09.2009";"Bundestagswahl am 27.09.2009";"";"30,1 %";"16,9 %";"5,1 %";"10,3 %";"32,4 %";"5,2 %"
"Bundestagswahl am 18.09.2005";"Bundestagswahl am 18.09.2005";"Bundestagswahl am 18.09.2005";"";"24,7 %";"32,7 %";"4,1 %";"8,1 %";"26,6 %";"3,8 %"
"";"";"";"";"";"";"";"";"";""
"Schleswig-Holstein (Bundestagswahl)";"Schleswig-Holstein (Bundestagswahl)";"Schleswig-Holstein (Bundestagswahl)";"Schleswig-Holstein (Bundestagswahl)";"Schleswig-Holstein (Bundestagswahl)";"Schleswig-Holstein (Bundestagswahl)";"Schleswig-Holstein (Bundestagswahl)";"Schleswig-Holstein (Bundestagswahl)";"Schleswig-Holstein (Bundestagswahl)";"Schleswig-Holstein (Bundestagswahl)"
"Institut(Datum)";"Auftrag-geber";"BefragteZeitraum";"";"CDU";"SPD";"GRÜNE";"FDP";"LINKE";"Sonstige"
"GMS(21.09.09)";"Sat.1 Nord-deutschland";"1.00618.09.–20.09.";"";"36 %";"26 %";"13 %";"15 %";"7 %";"3 %"
"Infratestdimap(11.09.09)";"NDR";"1.00207.09.–09.09.";"";"38 %";"26 %";"12 %";"13 %";"8 %";"3 %"
"Infratestdimap(04.09.09)";"NDR";"1.00331.08.–02.09.";"";"36 %";"27 %";"12 %";"15 %";"7 %";"3 %"
"Forsa(23.08.07)";"n-tv";"1.07030.07.–22.08.";"";"39 %";"25 %";"12 %";"12 %";"8 %";"4 %"
"Bundestagswahl am 18.09.2005";"Bundestagswahl am 18.09.2005";"Bundestagswahl am 18.09.2005";"";"36,4 %";"38,2 %";"8,4 %";"10,1 %";"4,6 %";"2,3 %"
"";"";"";"";"";"";"";"";"";""
"Thüringen (Bundestagswahl)";"Thüringen (Bundestagswahl)";"Thüringen (Bundestagswahl)";"Thüringen (Bundestagswahl)";"Thüringen (Bundestagswahl)";"Thüringen (Bundestagswahl)";"Thüringen (Bundestagswahl)";"Thüringen (Bundestagswahl)";"Thüringen (Bundestagswahl)";"Thüringen (Bundestagswahl)"
"Institut(Datum)";"Auftrag-geber";"BefragteZeitraum";"";"CDU";"SPD";"GRÜNE";"FDP";"LINKE";"Sonstige"
"INSA(04.08.17)";"ThüringischeLandeszeitung";"1.00724.07.–28.07.";"";"39 %";"14 %";"4 %";"5 %";"18 %";"AfD 18 %Sonst. 2 %"
"Infratestdimap(20.06.17)";"MDR";"1.00012.06.–20.06.";"";"43 %";"12 %";"4 %";"5 %";"20 %";"AfD 12 %Sonst. 4 %"
"INSA(14.04.17)";"BILD";"1.00505.04.–11.04.";"";"35 %";"20 %";"4 %";"5 %";"17 %";"AfD 15 %Sonst. 4 %"
"Infratestdimap(24.11.16)";"MDR";"1.00015.11.–19.11.";"";"37 %";"13 %";"7 %";"3 %";"18 %";"AfD 19 %Sonst. 3 %"
"INSA(20.04.16)";"ThüringischeLandeszeitung";"1.00004.04.–12.04.";"";"32 %";"13 %";"10,5 %";"6,5 %";"17 %";"AfD 18 %Sonst. ?"
"Emnid(05.11.13)";"Emnid";"1.00009.10.–23.10.";"";"42 %";"16 %";"5 %";"2 %";"23 %";"AfD 6 %NPD 2 %Sonst. 4 %"
"Bundestagswahl am 22.09.2013";"Bundestagswahl am 22.09.2013";"Bundestagswahl am 22.09.2013";"";"38,8 %";"16,1 %";"4,9 %";"2,6 %";"23,4 %";"AfD 6,2 %NPD 3,2 %Sonst. 4,8 %"
"Infratestdimap(20.08.13)";"MDR";"1.00209.08.–15.08.";"";"44 %";"20 %";"7 %";"2 %";"19 %";"AfD 3 %Sonst. 5 %"
"Bundestagswahl am 27.09.2009";"Bundestagswahl am 27.09.2009";"Bundestagswahl am 27.09.2009";"";"31,2 %";"17,6 %";"6,0 %";"9,8 %";"28,8 %";"6,7 %"
"Forsa(10.09.08)";"ThüringerAllgemeine";"86325.08.–09.09.";"";"28 %";"21 %";"6 %";"7 %";"32 %";"NPD 3 %Sonst. 3 %"
"Bundestagswahl am 18.09.2005";"Bundestagswahl am 18.09.2005";"Bundestagswahl am 18.09.2005";"";"25,7 %";"29,8 %";"4,8 %";"7,9 %";"26,1 %";"5,7 %"
